abstract_id,n_authors,n_unique_affiliations,n_authors_aagl,first_author_last,first_author_first,first_author_country,first_author_state,first_author_gender,first_author_gender_p,first_author_acog_district,practice_type,subspecialty,career_stage
AAGL2012_001,5,6,5,Galen,Donald I,USA,CA,male,0.996,IX,NA,general_OBGYN,NA
AAGL2012_002,5,2,5,Banks,Emily,Australia,NA,female,0.9979,Australia,academic,NA,NA
AAGL2012_003,5,5,5,Garza-Cavazos,Arturo,USA,IL,male,0.9955,VII,academic,general_OBGYN,NA
AAGL2012_004,3,1,3,Adelowo,Amos,USA,MA,male,0.9983,I,academic,FPMRS,NA
AAGL2012_005,4,4,4,Dahiya,Mini,India,NA,female,1,India,academic,NA,NA
AAGL2012_006,3,1,3,Yim,Ga Won,South Korea,NA,male,0.55,South Korea,academic,GYN_ONC,NA
AAGL2012_007,5,1,5,Lewis,Christa,USA,GA,female,0.9992,XI,academic,FPMRS,NA
AAGL2012_008,4,1,4,Lim,Courtney S,USA,MI,female,0.9273,V,academic,general_OBGYN,NA
AAGL2012_009,2,1,2,Sasada,Kazumi,Japan,NA,male,0.694,Japan,academic,NA,NA
AAGL2012_010,5,2,5,Yoshiki,Naoyuki,Japan,NA,male,1,Japan,academic,NA,NA
AAGL2012_011,4,4,4,Gould,Cassandra,United Kingdom,NA,female,0.9978,United Kingdom,academic,NA,NA
AAGL2012_012,3,1,3,Shapiro,Edan Y,USA,NY,male,0.8717,II,academic,urology,NA
AAGL2012_013,5,5,5,Hoffman,Mitchel,USA,FL,male,0.998,XI,academic,NA,NA
AAGL2012_014,5,0,5,Sangha,Roopina,NA,NA,female,0.67,NA,NA,NA,NA
AAGL2012_015,3,1,3,Hashemi,Lida,Iran,NA,female,1,Iran,academic,NA,NA
AAGL2012_016,5,NA,5,NA,NA,NA,NA,NA,NA,NA,NA,NA,NA
AAGL2012_017,5,11,5,Chapron,Charles,France,NA,male,0.9949,France,academic,obstetrics,NA
AAGL2012_018,5,3,5,Borghese,Bruno,France,NA,male,1,France,research_institute,NA,NA
AAGL2012_019,5,4,5,Brueggmann,D,USA,CA,NA,NA,IX,academic,general_OBGYN,NA
AAGL2012_020,5,2,5,Chapron,Charles,France,NA,male,0.9949,France,NA,NA,NA
AAGL2012_021,2,1,2,Benagiano,Giuseppe,Italy,NA,male,1,Italy,academic,obstetrics,NA
AAGL2012_022,5,3,5,Spinoni,Marta,Italy,NA,female,0.9973,Italy,academic,NA,NA
AAGL2012_023,4,3,4,Martin,Dan,United Kingdom,NA,male,0.9953,United Kingdom,academic,NA,NA
AAGL2012_024,2,2,2,van der Wat,Johan,South Africa,NA,male,0.9839,South Africa,academic,MIGS,NA
AAGL2012_025,5,6,5,Koninckx,Philippe R,UAE,NA,male,1,UAE,academic,NA,NA
AAGL2012_026,4,4,4,Desai,Roopal,United Kingdom,NA,female,1,United Kingdom,academic,NA,NA
AAGL2012_027,2,3,2,King,Carla,USA,NY,female,0.9973,II,NA,NA,NA
AAGL2012_028,1,1,1,Orady,M,USA,OH,NA,NA,V,academic,general_OBGYN,NA
AAGL2012_029,3,1,3,King,Cara R,USA,PA,female,0.9988,III,academic,NA,NA
AAGL2012_030,2,1,2,Chamsy,Dina,USA,PA,female,0.9975,III,academic,general_OBGYN,NA
AAGL2012_031,2,2,2,Rogers,Robert M,USA,MT,male,0.9958,VIII,academic,general_OBGYN,NA
AAGL2012_032,4,1,4,Pons,Jaume,Canada,NA,male,0.99,Canada,academic,NA,NA
AAGL2012_033,5,NA,5,NA,NA,NA,NA,NA,NA,NA,NA,NA,NA
AAGL2012_034,5,2,5,Togami,Shinichi,Japan,NA,male,0.99,Japan,academic,general_OBGYN,NA
AAGL2012_035,4,0,4,Crosbie,E J,NA,NA,NA,NA,NA,NA,NA,NA
AAGL2012_036,5,0,5,Crosbie,E J,NA,NA,NA,NA,NA,NA,NA,NA
AAGL2012_037,5,NA,5,NA,NA,NA,NA,NA,NA,NA,NA,NA,NA
AAGL2012_038,5,2,5,Singer,Tania,Germany,NA,female,0.9979,Germany,academic,NA,NA
AAGL2012_039,3,1,3,Bodur,Serkan,Turkey,NA,male,1,Turkey,military_va,general_OBGYN,NA
AAGL2012_040,3,1,3,Senapati,Sangeeta,USA,IL,female,1,VII,academic,general_OBGYN,NA
AAGL2012_041,3,1,3,Sgroi,Joseph,Australia,NA,male,0.9958,Australia,academic,NA,NA
AAGL2012_042,4,5,4,Hur,Hye-Chun,USA,MA,female,0.95,I,academic,general_OBGYN,NA
AAGL2012_043,5,7,5,Santulli,Pietro,France,NA,male,1,France,research_institute,obstetrics,NA
AAGL2012_044,5,1,5,Walsh,Tanya,United Kingdom,NA,female,0.9967,United Kingdom,academic,NA,NA
AAGL2012_045,5,3,5,Harris,Matthew,United Kingdom,NA,male,0.9962,United Kingdom,NA,NA,NA
AAGL2012_046,5,2,5,Karadag,Serdar,Turkey,NA,male,1,Turkey,academic,urology,NA
AAGL2012_047,3,1,3,Stapleton,Susan Rutledge,USA,NA,female,0.9978,NA,NA,NA,NA
AAGL2012_048,5,1,5,Jost,S,France,NA,NA,NA,France,academic,general_OBGYN,NA
AAGL2012_049,5,14,5,Laberge,Philippe,Canada,NA,male,1,Canada,academic,general_OBGYN,NA
AAGL2012_050,5,4,5,Berman,J,Canada,NA,NA,NA,Canada,NA,NA,NA
AAGL2012_051,1,1,1,Garcia,Ashlee,USA,AZ,female,0.9943,VIII,academic,NA,NA
AAGL2012_052,5,1,5,Rizk,Sviatlana,Switzerland,NA,female,0.98,Switzerland,academic,NA,NA
AAGL2012_053,2,1,2,Machamer,Joan,USA,WA,female,0.9891,VIII,academic,NA,NA
AAGL2012_054,5,1,5,Sanam,Moradan,Iran,NA,male,0.67,Iran,research_institute,NA,NA
AAGL2012_055,1,1,1,Gimpelson,Richard J,USA,MO,male,0.9963,VII,academic,MIGS,NA
AAGL2012_056,2,2,2,Adelman,Marisa R,USA,UT,female,0.9987,VIII,academic,general_OBGYN,NA
AAGL2012_057,4,5,4,Fernandez,Hervé,France,NA,male,0.99,France,academic,obstetrics,NA
AAGL2012_058,4,1,4,Zhang,Qi,China,NA,male,1,China,academic,NA,NA
AAGL2012_059,3,2,3,Sra,S K,India,NA,NA,NA,India,academic,NA,NA
AAGL2012_060,2,1,2,Kubo,Naoki,Japan,NA,male,0.9555,Japan,academic,surgery_other,NA
AAGL2012_061,2,1,2,Rosenblatt,Paula,USA,MD,female,0.997,IV,academic,NA,NA
AAGL2012_062,4,1,4,Salamon,Charbel G,USA,NJ,male,1,III,academic,FPMRS,NA
AAGL2012_063,1,2,1,Minter,Janelle,USA,OR,female,0.9984,VIII,academic,NA,NA
AAGL2012_064,4,1,4,Andou,M,Japan,NA,NA,NA,Japan,academic,general_OBGYN,NA
AAGL2012_065,4,3,4,Hebson,Camden,USA,AL,male,0.9123,XI,academic,NA,NA
AAGL2012_066,2,4,2,Kohn,J R,USA,TX,NA,NA,X,academic,NA,NA
AAGL2012_067,5,5,5,Penninx,Josien P M,Netherlands,NA,female,0.97,Netherlands,academic,obstetrics,NA
AAGL2012_068,5,3,5,Yeung,Gary,USA,CA,male,0.9962,IX,academic,NA,NA
AAGL2012_069,5,4,5,Panel,Pierre,France,NA,male,0.995,France,academic,obstetrics,NA
AAGL2012_070,5,1,5,Ahlborg,Liv,Sweden,NA,female,1,Sweden,academic,general_OBGYN,NA
AAGL2012_071,3,1,3,Bonrath,Esther M,Germany,NA,female,0.9959,Germany,academic,surgery_other,NA
AAGL2012_072,2,0,2,Kumar,Rajesh,NA,NA,male,1,NA,NA,NA,NA
AAGL2012_073,5,1,5,Tunitsky,Elena,USA,OH,female,0.9984,V,academic,FPMRS,NA
AAGL2012_074,4,1,4,Fazel,A,Iran,NA,NA,NA,Iran,academic,NA,NA
AAGL2012_075,5,1,5,George,Elizabeth,USA,CA,female,0.9969,IX,academic,NA,NA
AAGL2012_076,5,3,5,Lokuge,Sandali,Sri Lanka,NA,female,0.82,Sri Lanka,academic,NA,NA
AAGL2012_077,5,2,5,Bixel,Kristin,USA,OH,female,0.9915,V,academic,GYN_ONC,NA
AAGL2012_078,5,1,5,Mamik,Mamta M,USA,NY,female,1,II,academic,NA,NA
AAGL2012_079,3,3,3,Shepherd,Jessica A,USA,IL,female,0.9968,VII,academic,general_OBGYN,NA
AAGL2012_080,2,2,2,Jung,Hungu,Japan,NA,male,0.82,Japan,academic,NA,NA
AAGL2012_081,4,1,4,Paka,C,USA,CA,NA,NA,IX,academic,MIGS,NA
AAGL2012_082,5,1,5,Pokkinen,Satu M,Finland,NA,female,0.91,Finland,academic,general_OBGYN,NA
AAGL2012_083,3,5,3,Fong,Alex,USA,CA,male,0.9659,IX,academic,general_OBGYN,NA
AAGL2012_084,4,3,4,To,Justin,USA,NY,male,0.9947,II,academic,general_OBGYN,NA
AAGL2012_085,3,4,3,Burns,Stacey L,USA,MA,female,0.9192,I,academic,NA,NA
AAGL2012_086,3,1,3,Adelowo,Amos,USA,MA,male,0.9983,I,academic,FPMRS,NA
AAGL2012_087,3,1,3,Shroff,Rushad,India,NA,male,1,India,academic,NA,NA
AAGL2012_088,5,1,5,Ecker,Amanda M,USA,PA,female,0.9974,III,academic,general_OBGYN,NA
AAGL2012_089,5,1,5,Gyang,Anthony,USA,FL,male,0.9946,XI,academic,MIGS,NA
AAGL2012_090,5,4,5,Long,Cheng-Yu,Taiwan,NA,male,0.88,Taiwan,academic,general_OBGYN,NA
AAGL2012_091,5,NA,5,NA,NA,NA,NA,NA,NA,NA,NA,NA,NA
AAGL2012_092,4,1,4,López-Leal,Gamaliel,NA,NA,male,1,NA,NA,NA,NA
AAGL2012_093,3,10,3,Hympánová,Lucie,Czech Republic,NA,female,1,Czech Republic,academic,surgery_other,NA
AAGL2012_094,2,0,2,Flora,Rupinder,NA,NA,female,1,NA,NA,NA,NA
AAGL2012_095,3,4,3,Merali,Salim,USA,PA,male,1,III,academic,NA,NA
AAGL2013_001,3,1,3,Nezhat,Ceana H,USA,NY,female,1,II,academic,MIGS,NA
AAGL2013_002,5,1,5,Guido,Richard,USA,PA,male,0.9963,III,academic,general_OBGYN,NA
AAGL2013_003,5,14,5,Brucker,Sara Yvonne,Germany,NA,female,0.9971,Germany,academic,NA,NA
AAGL2013_004,4,2,4,Leone Roberti Maggiore,Umberto,Italy,NA,male,1,Italy,academic,general_OBGYN,NA
AAGL2013_005,5,1,5,McIlwaine,Kate,Australia,NA,female,0.9988,Australia,academic,NA,NA
AAGL2013_006,5,5,5,El Hachem,Lena,USA,NY,female,0.9978,II,academic,MIGS,NA
AAGL2013_007,4,3,4,Raso,Rosanne,USA,NY,female,0.9997,II,academic,NA,NA
AAGL2013_008,2,5,2,Bourgin,C,France,NA,NA,NA,France,academic,general_OBGYN,NA
AAGL2013_009,2,2,2,Akrivos,Nikolaos,United Kingdom,NA,male,1,United Kingdom,academic,general_OBGYN,NA
AAGL2013_010,5,1,5,Kho,Kimberly,USA,GA,female,0.9951,XI,academic,MIGS,NA
AAGL2013_011,5,1,5,Mitri,Michael,USA,PA,male,0.9947,III,academic,NA,NA
AAGL2013_012,5,1,5,Yi,Jing,China,NA,female,0.927,China,academic,NA,NA
AAGL2013_013,4,2,4,Sim,Taeyong,South Korea,NA,male,0.89,South Korea,academic,NA,NA
AAGL2013_014,3,2,3,Zechmeister,Jenna R,USA,NY,female,0.9983,II,academic,GYN_ONC,NA
AAGL2013_015,2,1,2,Nezhat,Farr R,USA,NY,male,0.53,II,academic,general_OBGYN,NA
AAGL2013_016,5,0,5,Gomez,Nicole,NA,NA,female,0.9968,NA,NA,NA,NA
AAGL2013_017,5,3,5,Buchweitz,Olaf,Germany,NA,male,1,Germany,NA,NA,NA
AAGL2013_018,4,1,4,Wu,Wenjing,China,NA,female,0.93,China,academic,surgery_other,NA
AAGL2013_019,5,5,5,Daraï,Camille,France,NA,female,0.9873,France,research_institute,NA,NA
AAGL2013_020,5,3,5,Muzii,Ludovico,Italy,NA,male,0.99,Italy,academic,general_OBGYN,NA
AAGL2013_021,3,2,3,Demir,Emine,Turkey,NA,female,1,Turkey,academic,general_OBGYN,NA
AAGL2013_022,5,1,5,Evangelista,Alessandra,Brazil,NA,female,1,Brazil,academic,general_OBGYN,NA
AAGL2013_023,5,1,5,Luciano,Debora,France,NA,female,0.9991,France,NA,NA,NA
AAGL2013_024,5,4,5,Fernandes,Linford,United Kingdom,NA,male,1,United Kingdom,academic,NA,NA
AAGL2013_025,5,3,5,Correa,Federico,Italy,NA,male,0.9993,Italy,academic,NA,NA
AAGL2013_026,5,1,5,Siddiqui,Daanyal,Pakistan,NA,male,1,Pakistan,academic,NA,NA
AAGL2013_027,5,3,5,Guirguis,Nancy,NA,NA,female,0.9972,NA,academic,NA,NA
AAGL2013_028,5,1,5,Lim,Courtney S,USA,MI,female,0.9273,V,academic,general_OBGYN,NA
AAGL2013_029,3,0,3,Sangha,Roopina,NA,NA,female,0.67,NA,NA,NA,NA
AAGL2013_030,2,2,2,Lenihan,Jennifer,USA,MA,female,0.9969,I,academic,NA,NA
AAGL2013_031,5,1,5,Siedhoff,Matthew T,USA,NC,male,0.9962,XI,academic,NA,NA
AAGL2013_032,2,6,2,Xia,Leilei,USA,PA,female,0.75,III,academic,urology,NA
AAGL2013_033,3,8,3,Harris,Jeduthun,USA,WA,male,0.57,VIII,academic,surgery_other,NA
AAGL2013_034,4,3,4,Sasaki,Kirsten,NA,NA,female,0.9962,NA,academic,general_OBGYN,NA
AAGL2013_035,5,1,5,Esteban,Andrés,USA,OH,male,0.95,V,community,NA,NA
AAGL2013_036,1,1,1,Steege,John F,USA,MA,male,0.996,I,academic,MIGS,NA
AAGL2013_037,5,2,5,Puntambekar,Shailesh P,India,NA,male,0.95,India,NA,NA,NA
AAGL2013_038,2,4,2,Park,Soo-Hyun,South Korea,NA,female,0.95,South Korea,academic,NA,NA
AAGL2013_039,5,2,5,Puntambekar,Shailesh,India,NA,male,0.95,India,academic,NA,NA
AAGL2013_040,5,4,5,Bae,Jaeman,South Korea,NA,male,0.95,South Korea,academic,MIGS,NA
AAGL2013_041,1,3,1,Lyngdoh,Bifica,India,NA,female,0.95,India,academic,NA,NA
AAGL2013_042,5,1,5,Kim,Eun Bi,South Korea,NA,female,0.9837,South Korea,academic,MIGS,NA
AAGL2013_043,5,1,5,Puntambekar,Shailesh P,India,NA,male,0.95,India,academic,surgery_other,NA
AAGL2013_044,5,6,5,Gordts,Stephan,Belgium,NA,male,0.9905,Belgium,NA,NA,NA
AAGL2013_045,5,5,5,Venturella,Roberta,Italy,NA,female,0.9957,Italy,academic,general_OBGYN,NA
AAGL2013_046,5,6,5,Esselen,K,USA,MA,NA,NA,I,academic,NA,NA
AAGL2013_047,5,5,5,Pakish,Janelle,USA,NH,female,0.9984,I,community,general_OBGYN,NA
AAGL2013_048,5,2,5,Tanaka,Tomohito,Japan,NA,male,0.95,Japan,academic,general_OBGYN,NA
AAGL2013_049,5,3,5,Borghese,B,France,NA,NA,NA,France,research_institute,NA,NA
AAGL2013_050,5,7,5,Borahay,Mostafa A,USA,TX,male,1,X,academic,general_OBGYN,NA
AAGL2013_051,NA,NA,NA,NA,NA,NA,NA,NA,NA,NA,NA,NA,NA
AAGL2013_052,5,3,5,Di Cello,Annalisa,Italy,NA,female,1,Italy,academic,general_OBGYN,NA
AAGL2013_053,5,1,5,Mashiach,Roy,Israel,NA,male,0.9936,Israel,academic,NA,NA
AAGL2013_054,5,2,5,Diamond,Milton,USA,HI,male,0.9946,VIII,academic,NA,NA
AAGL2013_055,5,2,5,Kuijsters,N P M,Netherlands,NA,NA,NA,Netherlands,academic,NA,NA
AAGL2013_056,5,2,5,Diamond,Milton,USA,HI,male,0.9946,VIII,academic,NA,NA
AAGL2013_057,1,1,1,Vigliani,Marguerite B,USA,RI,female,0.999,I,academic,NA,NA
AAGL2013_058,5,1,5,Allam,Ihab Serag,Egypt,NA,male,1,Egypt,academic,general_OBGYN,NA
AAGL2013_059,5,1,5,Zupi,Errico,Italy,NA,male,0.95,Italy,academic,NA,NA
AAGL2013_060,5,3,5,Phillips,Sharon J,USA,MA,female,0.9962,I,academic,NA,NA
AAGL2013_061,2,1,2,Rosenblatt,Peter,USA,MN,male,0.9965,VI,academic,FPMRS,NA
AAGL2013_062,5,8,5,Azizoglu,Mustafa,USA,NY,male,1,II,academic,surgery_other,NA
AAGL2013_063,2,3,2,Sarlos,Dimitri,Switzerland,NA,male,0.9848,Switzerland,academic,general_OBGYN,NA
AAGL2013_064,5,2,5,Puntambekar,Shailesh,India,NA,male,0.95,India,academic,surgery_other,NA
AAGL2013_065,4,1,4,Tunitsky-Bitton,Elena,USA,OH,female,0.9984,V,academic,FPMRS,NA
AAGL2013_066,2,3,2,Pata,Giacomo,Italy,NA,male,1,Italy,academic,surgery_other,NA
AAGL2013_067,2,3,2,Siemons,Sara,Netherlands,NA,female,0.9971,Netherlands,academic,general_OBGYN,NA
AAGL2013_068,2,4,2,Adjei,Naomi N,USA,CT,female,0.9983,I,academic,general_OBGYN,NA
AAGL2013_069,5,2,5,Sohn,Beomseok,South Korea,NA,male,0.95,South Korea,academic,NA,NA
AAGL2013_070,5,1,5,Oraif,Ayman,NA,NA,male,0.9818,NA,academic,REI,NA
AAGL2013_071,4,3,4,To,Justin,USA,NY,male,0.9947,II,academic,general_OBGYN,NA
AAGL2013_072,2,1,2,Gimpelson,Richard J,USA,MO,male,0.9963,VII,academic,MIGS,NA
AAGL2013_073,2,7,2,Morabito,Emily,Canada,NA,female,0.9979,Canada,academic,NA,NA
AAGL2013_074,5,5,5,Murji,Ally,USA,NY,female,0.9987,II,academic,general_OBGYN,NA
AAGL2013_075,4,6,4,Moawad,Gaby,USA,DC,female,0.9748,IV,academic,general_OBGYN,NA
AAGL2013_076,3,2,3,Powers,Claire,USA,NC,female,0.9933,XI,academic,NA,NA
AAGL2013_077,1,NA,1,NA,NA,NA,NA,NA,NA,NA,NA,NA,NA
AAGL2013_078,5,2,5,Ahlborg,Liv,Sweden,NA,female,1,Sweden,academic,NA,NA
AAGL2013_079,5,2,5,Washburn,Erik,USA,PA,male,0.9952,III,community,NA,NA
AAGL2013_080,2,NA,2,NA,NA,NA,NA,NA,NA,NA,NA,NA,NA
AAGL2013_081,5,5,5,Farrell,R,Australia,NA,NA,NA,Australia,NA,NA,NA
AAGL2013_082,5,3,5,Ellett,Lenore,Australia,NA,female,1,Australia,academic,NA,NA
AAGL2013_083,1,1,1,Mun,Sungyong,South Korea,NA,male,0.95,South Korea,academic,NA,NA
AAGL2013_084,5,7,5,Santulli,Pietro,France,NA,male,1,France,research_institute,obstetrics,NA
AAGL2013_085,5,NA,5,NA,NA,NA,NA,NA,NA,NA,NA,NA,NA
AAGL2013_086,3,4,3,Nezhat,Camran,USA,CA,male,0.9334,IX,academic,NA,NA
AAGL2013_087,5,5,5,Takaesu,Yoshikazu,Japan,NA,male,0.95,Japan,academic,NA,NA
AAGL2013_088,5,7,5,Spagnolo,Emanuela,Spain,NA,female,1,Spain,academic,general_OBGYN,NA
AAGL2013_089,5,4,5,Ahmadi,Ehsan,Iran,NA,male,1,Iran,academic,NA,NA
AAGL2013_090,4,6,4,Koninckx,Philippe R,UAE,NA,male,1,UAE,academic,NA,NA
AAGL2013_091,5,7,5,Zanatta,Alysson,Brazil,NA,female,1,Brazil,academic,general_OBGYN,NA
AAGL2013_092,5,3,5,Exacoustos,Caterina,Italy,NA,female,1,Italy,academic,general_OBGYN,NA
AAGL2013_093,3,1,3,Taniguchi,Fumiaki,Japan,NA,male,0.95,Japan,academic,general_OBGYN,NA
AAGL2013_094,4,3,4,Yamada,Kazutaka,Japan,NA,male,0.95,Japan,academic,surgery_other,NA
AAGL2013_095,5,2,5,Takano,Mariko,Japan,NA,female,0.9949,Japan,academic,NA,NA
AAGL2013_096,2,2,2,Navarro,Ester,USA,NY,female,0.9615,II,academic,NA,NA
AAGL2014_001,5,2,5,Rosen,Leigh,USA,NY,female,0.9054,II,academic,general_OBGYN,NA
AAGL2014_002,2,3,2,Giampaolino,Pierluigi,Italy,NA,male,0.95,Italy,academic,NA,NA
AAGL2014_003,4,1,4,Mahnert,Nichole,USA,MI,female,0.9972,V,academic,general_OBGYN,NA
AAGL2014_004,1,1,1,Siracusa,A,Italy,NA,NA,NA,Italy,academic,NA,faculty_senior
AAGL2014_005,3,3,3,Hartzell,Kimberly,USA,AL,female,0.9951,XI,academic,NA,NA
AAGL2014_006,3,1,3,Winner,Brooke,USA,WA,female,0.9899,VIII,academic,obstetrics,NA
AAGL2014_007,5,0,5,Van Heertum,Kristin,NA,NA,female,0.9915,NA,NA,NA,NA
AAGL2014_008,5,0,5,Khalil,Eyyaz,NA,NA,male,0.95,NA,NA,NA,NA
AAGL2014_009,3,1,3,Bina,Saiid,USA,MD,male,1,IV,academic,NA,NA
AAGL2014_010,3,3,3,Levy,Jared,Israel,NA,male,0.9959,Israel,academic,NA,NA
AAGL2014_011,2,1,2,Mamik,Mamta M,USA,NY,female,1,II,academic,NA,NA
AAGL2014_012,4,2,4,van Weelden,W J,Netherlands,NA,NA,NA,Netherlands,academic,general_OBGYN,NA
AAGL2014_013,5,3,5,Gungor,Mete,Turkey,NA,male,1,Turkey,academic,general_OBGYN,NA
AAGL2014_014,3,4,3,Penner,Kristine R,USA,CA,female,0.9979,IX,academic,GYN_ONC,NA
AAGL2014_015,1,1,1,Breen,Michael,NA,NA,male,0.9947,NA,community,NA,NA
AAGL2014_016,5,1,5,Akdemir,Ali,Turkey,NA,male,0.6881,Turkey,academic,general_OBGYN,NA
AAGL2014_017,4,1,4,Sinno,Abdulrahman K,USA,MD,male,1,IV,academic,GYN_ONC,NA
AAGL2014_018,5,1,5,Puntambekar,Shailesh P,India,NA,male,0.95,India,NA,NA,NA
AAGL2014_019,2,1,2,Park,Ju Young,South Korea,NA,female,0.6792,South Korea,academic,general_OBGYN,NA
AAGL2014_020,2,3,2,Yi,Xiaofang,China,NA,female,0.95,China,academic,general_OBGYN,NA
AAGL2014_021,4,3,4,Holloway,Robert W,USA,FL,male,0.9958,XI,academic,GYN_ONC,NA
AAGL2014_022,4,2,4,Arendas,Kristina,NA,NA,female,0.9975,NA,academic,general_OBGYN,NA
AAGL2014_023,5,3,5,Gil-Ibañez,Blanca,Spain,NA,female,0.995,Spain,academic,MIGS,NA
AAGL2014_024,1,2,1,Chua,Abigail L,USA,PA,female,0.9982,III,NA,NA,NA
AAGL2014_025,3,3,3,Vanichtantikul,Asama,Thailand,NA,female,0.95,Thailand,academic,general_OBGYN,NA
AAGL2014_026,5,3,5,Moon,Hwa Sook,South Korea,NA,female,0.95,South Korea,academic,MIGS,NA
AAGL2014_027,3,1,3,Jairath,Ankush,India,NA,male,1,India,academic,urology,NA
AAGL2014_028,4,5,4,Williams,Kate,United Kingdom,NA,female,0.9988,United Kingdom,academic,NA,NA
AAGL2014_029,2,4,2,Wherley,Susan D,USA,OH,female,0.9978,V,military_va,FPMRS,NA
AAGL2014_030,3,6,3,Carrillo,Jorge,Spain,NA,male,0.994,Spain,research_institute,NA,NA
AAGL2014_031,3,1,3,Gupta,Ankita,USA,NM,female,1,VIII,academic,FPMRS,NA
AAGL2014_032,1,3,1,Mosbrucker,Cindy,USA,WA,female,0.9972,VIII,NA,surgery_other,NA
AAGL2014_033,5,1,5,Balica,Adrian,USA,NJ,male,0.9269,III,academic,general_OBGYN,NA
AAGL2014_034,1,3,1,Manodoro,Stefano,Italy,NA,male,1,Italy,NA,NA,NA
AAGL2014_035,5,8,5,Fazel,A,Iran,NA,NA,NA,Iran,academic,NA,NA
AAGL2014_036,3,2,3,Ebell,Mark H,USA,GA,male,0.9966,XI,academic,NA,NA
AAGL2014_037,4,1,4,Andou,Masaaki,Japan,NA,male,1,Japan,academic,general_OBGYN,NA
AAGL2014_038,5,4,5,Ricci,Sara,Austria,NA,female,0.9971,Austria,academic,NA,NA
AAGL2014_039,4,1,4,Puntambekar,Shailesh,India,NA,male,0.95,India,NA,NA,NA
AAGL2014_040,5,5,5,Kroft,Jamie,Canada,NA,female,0.7702,Canada,academic,MIGS,NA
AAGL2014_041,5,1,5,Kent,Athol,South Africa,NA,male,1,South Africa,academic,general_OBGYN,NA
AAGL2014_042,NA,NA,NA,NA,NA,NA,NA,NA,NA,NA,NA,NA,NA
AAGL2014_043,5,13,5,NA,NA,NA,NA,NA,NA,NA,NA,NA,NA
AAGL2014_044,4,3,4,Ghai,Vishalli,United Kingdom,NA,female,0.95,United Kingdom,academic,general_OBGYN,NA
AAGL2014_045,5,NA,5,NA,NA,NA,NA,NA,NA,NA,NA,NA,NA
AAGL2014_046,5,3,5,Di Cello,Annalisa,Italy,NA,female,1,Italy,academic,general_OBGYN,NA
AAGL2014_047,3,3,3,Louie,Michelle,USA,NC,female,0.9962,XI,academic,general_OBGYN,NA
AAGL2014_048,5,1,5,Huang,Jidong,USA,IL,male,0.95,VII,academic,NA,NA
AAGL2014_049,5,5,5,Ferrero,Simone,Italy,NA,female,0.9823,Italy,academic,general_OBGYN,NA
AAGL2014_050,4,2,4,Ramirez,Ernesto,USA,IN,male,0.9967,V,academic,NA,NA
AAGL2014_051,5,4,5,Greenberg,Jacob,USA,OH,male,0.9973,V,academic,NA,NA
AAGL2014_052,3,2,3,Mikhail,Emad,USA,FL,male,1,XI,academic,general_OBGYN,NA
AAGL2014_053,3,0,3,Sangha,Roopina,NA,NA,female,0.67,NA,NA,NA,NA
AAGL2014_054,5,10,5,Muzii,Ludovico,Italy,NA,male,0.99,Italy,academic,general_OBGYN,NA
AAGL2014_055,5,2,5,Hahn,M,NA,NA,NA,NA,NA,academic,general_OBGYN,NA
AAGL2014_056,3,1,3,Lu,Qi,China,NA,male,1,China,academic,general_OBGYN,NA
AAGL2014_057,5,3,5,Louie,Michelle,USA,NC,female,0.9962,XI,academic,general_OBGYN,NA
AAGL2014_058,2,1,2,Jain,Nutan,India,NA,NA,NA,India,NA,MIGS,NA
AAGL2014_059,5,6,5,Noel,Nicolas,France,NA,male,0.9975,France,academic,urology,NA
AAGL2014_060,5,4,5,Berman,J,Canada,NA,NA,NA,Canada,NA,NA,NA
AAGL2014_061,5,3,5,Ribeiro,Diana,Portugal,NA,female,0.9965,Portugal,academic,NA,NA
AAGL2014_062,2,3,2,Feuer,Gerald,USA,GA,male,0.9946,XI,academic,NA,NA
AAGL2014_063,3,2,3,Warehime,Jenna,USA,KY,female,0.9983,V,academic,FPMRS,NA
AAGL2014_064,3,1,3,Gentry,Michael,USA,OH,male,0.9947,V,academic,NA,NA
AAGL2014_065,3,4,3,Ramos,Silvina,Argentina,NA,female,1,Argentina,academic,NA,NA
AAGL2014_066,2,2,2,Boyle,Melanie Adams,USA,NJ,female,0.9975,III,community,surgery_other,NA
AAGL2014_067,4,1,4,Riley,Kristin,USA,PA,female,0.9915,III,community,general_OBGYN,NA
AAGL2014_068,1,3,1,Yamamoto,Matsuo,Japan,NA,male,0.95,Japan,academic,NA,NA
AAGL2014_069,2,4,2,Cheng,Connie,USA,NJ,female,0.9816,III,academic,general_OBGYN,NA
AAGL2014_070,3,1,3,Fornalik,Hubert,USA,IN,male,0.9976,V,academic,general_OBGYN,NA
AAGL2014_071,4,1,4,Einarsson,Jonas,Sweden,NA,male,0.9984,Sweden,academic,NA,NA
AAGL2014_072,2,2,2,Truong,Mireille,USA,CA,female,1,IX,academic,NA,NA
AAGL2014_073,1,1,1,Peters,Ann,USA,PA,female,0.9972,III,academic,MIGS,NA
AAGL2014_074,2,1,2,Chen,Chi Chung Grace,USA,MD,female,0.5658,IV,academic,general_OBGYN,NA
AAGL2014_075,2,1,2,Mackenzie,Malcolm,USA,MA,male,0.9981,I,NA,NA,NA
AAGL2014_076,3,3,3,Takmaz,Ozguc,Turkey,NA,male,0.95,Turkey,academic,MIGS,NA
AAGL2014_077,4,3,4,Murji,Ally,USA,NY,female,0.9987,II,academic,general_OBGYN,NA
AAGL2014_078,1,3,1,Farnam,Richard W,USA,TX,male,0.9963,X,academic,FPMRS,NA
AAGL2014_079,1,1,1,Tandulwadkar,Sunita,India,NA,female,1,India,NA,NA,NA
AAGL2014_080,5,4,5,Di Spiezio Sardo,Attilio,Italy,NA,male,1,Italy,academic,NA,NA
AAGL2014_081,3,1,3,Fridman,Dmitry,USA,NY,male,1,II,academic,general_OBGYN,NA
AAGL2014_082,5,2,5,Bizzarri,Nicolò,Italy,NA,male,0.95,Italy,academic,general_OBGYN,NA
AAGL2014_083,2,2,2,Georgiou,Dimitra,United Kingdom,NA,female,1,United Kingdom,academic,general_OBGYN,NA
AAGL2014_084,5,1,5,De Baets,Liesbet,Belgium,NA,female,0.95,Belgium,academic,NA,NA
AAGL2014_085,5,0,5,Issat,Tadeusz,NA,NA,male,1,NA,NA,NA,NA
AAGL2014_086,5,5,5,Billow,Megan,USA,OH,female,0.9976,V,academic,MIGS,NA
AAGL2014_087,5,2,5,Louis,Sandrine,Germany,NA,female,1,Germany,academic,NA,NA
AAGL2014_088,3,3,3,Taylor,Charles,United Kingdom,NA,male,0.9949,United Kingdom,academic,NA,NA
AAGL2014_089,3,3,3,Dhanani,Maya,USA,MN,female,0.9981,VI,academic,general_OBGYN,NA
AAGL2014_090,5,7,5,Rees,Connie O,Netherlands,NA,female,0.9816,Netherlands,academic,obstetrics,NA
AAGL2014_091,3,4,3,Coad,Jane,United Kingdom,NA,female,0.9971,United Kingdom,academic,NA,NA
AAGL2014_092,5,7,5,Borahay,Mostafa A,USA,TX,male,1,X,academic,general_OBGYN,NA
AAGL2014_093,5,7,5,Brölmann,Hans,Netherlands,NA,male,0.9996,Netherlands,NA,NA,NA
AAGL2015_001,5,3,5,Stanhiser,Jamie,USA,OH,female,0.7702,V,academic,general_OBGYN,NA
AAGL2015_002,5,5,5,Lyapis,Anna,USA,CA,female,0.9971,IX,NA,obstetrics,NA
AAGL2015_003,4,1,4,Barron,Kenneth I,USA,FL,male,0.9957,XI,academic,MIGS,NA
AAGL2015_004,5,1,5,Allahbadia,Gautam N,India,NA,male,1,India,NA,NA,NA
AAGL2015_005,4,6,4,Puntambekar,Shailesh,India,NA,male,0.95,India,academic,NA,faculty_senior
AAGL2015_006,3,4,3,Jacob,Jack,USA,AK,male,0.9967,VIII,private_practice,NA,NA
AAGL2015_007,4,1,4,Kho,Kimberly A,USA,TX,female,0.9951,X,academic,general_OBGYN,NA
AAGL2015_008,5,2,5,Martinelli,Fabio,Italy,NA,male,1,Italy,academic,GYN_ONC,NA
AAGL2015_009,5,8,5,Fazel,A,Iran,NA,NA,NA,Iran,academic,NA,NA
AAGL2015_010,5,3,5,Wang,Yan-zhou,China,NA,male,0.95,China,military_va,general_OBGYN,NA
AAGL2015_011,1,2,1,Iavazzo,Christos,United Kingdom,NA,male,1,United Kingdom,academic,general_OBGYN,NA
AAGL2015_012,5,1,5,Andou,Masaaki,Japan,NA,male,1,Japan,academic,general_OBGYN,NA
AAGL2015_013,5,6,5,Vilos,George A,Canada,NA,male,0.9931,Canada,academic,general_OBGYN,NA
AAGL2015_014,5,5,5,Di Spiezio Sardo,Attilio,Italy,NA,male,1,Italy,academic,NA,NA
AAGL2015_015,2,3,2,Santiago,Calvin,Canada,NA,male,0.9933,Canada,research_institute,NA,NA
AAGL2015_016,2,2,2,Shokeir,Tarek,Egypt,NA,male,1,Egypt,academic,general_OBGYN,NA
AAGL2015_017,3,2,3,Suen,Michael W H,Canada,NA,male,0.9947,Canada,academic,general_OBGYN,NA
AAGL2015_018,2,4,2,Rajakumar,C,Canada,NA,NA,NA,Canada,academic,surgery_other,faculty_senior
AAGL2015_019,5,3,5,Sasaki,Kirsten,NA,NA,female,0.9962,NA,academic,general_OBGYN,NA
AAGL2015_020,5,2,5,Deimling,Timothy A,USA,PA,male,0.9957,III,academic,MIGS,NA
AAGL2015_021,5,2,5,Tsafrir,Ziv,USA,MI,male,1,V,academic,MIGS,NA
AAGL2015_022,5,NA,5,NA,NA,NA,NA,NA,NA,NA,NA,NA,NA
AAGL2015_023,5,2,5,Abdelbadee,Ahmed,Egypt,NA,male,1,Egypt,academic,obstetrics,NA
AAGL2015_024,5,4,5,Simpson,Kara,USA,DC,female,0.9973,IV,academic,NA,NA
AAGL2015_025,5,2,5,Crocco,Paolina,Italy,NA,female,1,Italy,academic,NA,NA
AAGL2015_026,5,1,5,Aharon,Devora,USA,NY,female,1,II,academic,general_OBGYN,NA
AAGL2015_027,5,1,5,Andou,Masaaki,Japan,NA,male,1,Japan,academic,general_OBGYN,NA
AAGL2015_028,3,6,3,Whitcomb,B,USA,CT,NA,NA,I,academic,NA,NA
AAGL2015_029,4,1,4,Wasson,Megan,USA,MN,female,0.9976,VI,academic,MIGS,NA
AAGL2015_030,3,0,3,Guha,Paroma,NA,NA,female,0.95,NA,NA,NA,NA
AAGL2015_031,3,1,3,Gu,Zheng,China,NA,male,1,China,academic,obstetrics,NA
AAGL2015_032,NA,NA,NA,NA,NA,NA,NA,NA,NA,NA,NA,NA,NA
AAGL2015_033,3,2,3,Rosenblatt,Peter,USA,MA,male,0.9965,I,academic,FPMRS,NA
AAGL2015_034,1,1,1,Hanes,Charles R,USA,AL,male,0.9949,XI,academic,FPMRS,NA
AAGL2015_035,5,2,5,Mikhail,Emad,USA,FL,male,1,XI,academic,general_OBGYN,NA
AAGL2015_036,2,NA,2,NA,NA,NA,NA,NA,NA,NA,NA,NA,NA
AAGL2015_037,1,NA,1,NA,NA,NA,NA,NA,NA,NA,NA,NA,NA
AAGL2015_038,2,1,2,Tjahyadi,Dian,Indonesia,NA,female,0.9865,Indonesia,academic,general_OBGYN,NA
AAGL2015_039,4,3,4,Andikyan,Vaagn,NA,NA,male,0.95,NA,academic,GYN_ONC,NA
AAGL2015_040,2,2,2,Shenoy,Chandrika,Canada,NA,female,1,Canada,academic,NA,NA
AAGL2015_041,3,2,3,Li,Fiona G,Australia,NA,female,0.9997,Australia,academic,general_OBGYN,NA
AAGL2015_042,5,3,5,Louie,Michelle,USA,NC,female,0.9962,XI,academic,general_OBGYN,NA
AAGL2015_043,4,1,4,Tu,Frank,USA,IL,male,0.9952,VII,community,NA,NA
AAGL2015_044,3,3,3,Lim,Victoria M,USA,MN,female,0.9975,VI,academic,NA,NA
AAGL2015_045,5,3,5,Lemos,Nucelio,Brazil,NA,male,0.95,Brazil,academic,general_OBGYN,NA
AAGL2015_046,4,3,4,Pacis,Michelle,USA,PA,female,0.9962,III,academic,MIGS,NA
AAGL2015_047,5,4,5,Crochet,Patrice,France,NA,female,0.9797,France,academic,general_OBGYN,NA
AAGL2015_048,5,0,5,Kroft,Jamie,NA,NA,female,0.7702,NA,NA,NA,NA
AAGL2015_049,2,4,2,Sanderson,Derrick J,USA,NY,male,0.9924,II,academic,general_OBGYN,NA
AAGL2015_050,2,3,2,Elkattah,Rayan,USA,TN,male,0.8432,X,academic,general_OBGYN,NA
AAGL2015_051,3,3,3,Cooney,Erin,USA,TX,female,0.9732,X,academic,NA,NA
AAGL2015_052,5,6,5,Polin,Michael R,USA,NC,male,0.9947,XI,academic,FPMRS,NA
AAGL2015_053,4,2,4,Thomaier,Lauren,USA,MD,female,0.9904,IV,academic,obstetrics,NA
AAGL2015_054,5,1,5,Lannen,Amy,USA,MN,female,0.9974,VI,academic,obstetrics,NA
AAGL2015_055,4,NA,4,NA,NA,NA,NA,NA,NA,NA,NA,NA,NA
AAGL2015_056,4,3,4,Chen,Xi,China,NA,female,0.95,China,academic,NA,NA
AAGL2015_057,3,2,3,Koie,Takuya,NA,NA,male,1,NA,academic,urology,NA
AAGL2015_058,4,1,4,Woodall,John,Brazil,NA,male,0.996,Brazil,academic,NA,NA
AAGL2015_059,4,2,4,Menderes,Gulden,USA,CT,female,0.95,I,academic,general_OBGYN,NA
AAGL2015_060,4,1,4,Shirazian,Shayan,USA,NY,male,0.9556,II,academic,NA,NA
AAGL2015_061,3,3,3,Chen,Haiyin,China,NA,female,0.95,China,academic,NA,NA
AAGL2015_062,5,1,5,Arian,Sara E,USA,OH,female,0.9971,V,academic,general_OBGYN,NA
AAGL2015_063,5,NA,5,NA,NA,NA,NA,NA,NA,NA,NA,NA,NA
AAGL2015_064,5,1,5,Aharon,Devora,USA,NY,female,1,II,academic,general_OBGYN,NA
AAGL2015_065,3,2,3,Yin,Huijiao,China,NA,female,0.95,China,academic,NA,NA
AAGL2015_066,5,4,5,Gerges,B,Australia,NA,NA,NA,Australia,academic,general_OBGYN,NA
AAGL2015_067,5,2,5,Reid,Shannon,Australia,NA,female,0.859,Australia,academic,MIGS,NA
AAGL2015_068,5,1,5,Maher,Pamela,USA,CA,female,0.9978,IX,NA,NA,NA
AAGL2015_069,5,1,5,Racca,A,Belgium,NA,NA,NA,Belgium,academic,NA,NA
AAGL2015_070,4,1,4,Yuk,Jin-Sung,South Korea,NA,male,0.95,South Korea,academic,general_OBGYN,NA
AAGL2015_071,5,3,5,Shakir,Fevzi,United Kingdom,NA,male,0.95,United Kingdom,academic,NA,NA
AAGL2015_072,4,5,4,Lyapis,Anna,USA,CA,female,0.9971,IX,NA,obstetrics,NA
AAGL2015_073,5,3,5,Akram,Muhammad,Pakistan,NA,male,1,Pakistan,academic,surgery_other,NA
AAGL2015_074,5,3,5,Ribeiro,Diana,Portugal,NA,female,0.9965,Portugal,academic,NA,NA
AAGL2015_075,4,1,4,Schmitt,Eric M,USA,HI,male,0.9947,VIII,military_va,MIGS,NA
AAGL2015_076,5,2,5,Levin,Danielle,USA,PA,female,0.9951,III,community,NA,NA
AAGL2015_077,5,5,5,Valentin,L,France,NA,NA,NA,France,academic,NA,NA
AAGL2015_078,5,NA,5,NA,NA,NA,NA,NA,NA,NA,NA,NA,NA
AAGL2015_079,5,2,5,Asoğlu,Mehmet Reşit,USA,TX,male,1,X,academic,general_OBGYN,NA
AAGL2015_080,4,2,4,Braun,Katrin,Germany,NA,female,1,Germany,research_institute,NA,NA
AAGL2015_081,5,3,5,Opoku-Anane,Jessica,USA,CA,female,0.9968,IX,academic,general_OBGYN,NA
AAGL2015_082,3,1,3,Senapati,Sangeeta,USA,IL,female,1,VII,academic,general_OBGYN,NA
AAGL2015_083,5,3,5,Chen,Changmao,China,NA,male,0.95,China,academic,NA,NA
AAGL2015_084,5,2,5,Clark,Nisse V,USA,MA,male,0.95,I,academic,general_OBGYN,NA
AAGL2015_085,5,1,5,Picerno,Toni M,USA,MN,female,0.9866,VI,academic,MIGS,NA
AAGL2015_086,1,2,1,Soygur,Bikem,Turkey,NA,female,0.95,Turkey,academic,NA,NA
AAGL2015_087,4,4,4,Murji,Ally,USA,NY,female,0.9987,II,academic,general_OBGYN,NA
AAGL2015_088,5,1,5,Park,Soo Yeun,South Korea,NA,female,0.9186,South Korea,academic,NA,NA
AAGL2015_089,5,4,5,Ajao,Mobolaji O,USA,MA,male,1,I,academic,MIGS,NA
AAGL2015_090,5,3,5,Mowers,Erika L,USA,MI,female,0.9958,V,academic,general_OBGYN,NA
AAGL2015_091,4,1,4,Chuang,Yaoyang,Taiwan,NA,male,0.95,Taiwan,research_institute,NA,NA
AAGL2015_092,5,2,5,Zeybek,Burak,USA,TX,male,1,X,academic,general_OBGYN,NA
AAGL2015_093,3,NA,3,NA,NA,NA,NA,NA,NA,NA,NA,NA,NA
AAGL2015_094,5,8,5,Fanfani,F,Italy,NA,NA,NA,Italy,academic,NA,NA
AAGL2015_095,5,2,5,Lianos,Georgios D,Greece,NA,male,1,Greece,academic,surgery_other,NA
AAGL2016_001,5,7,5,Till,Sarina,South Africa,NA,female,1,South Africa,academic,NA,NA
AAGL2016_002,5,4,5,Ma,Tianyi,Australia,NA,male,1,Australia,academic,NA,NA
AAGL2016_003,5,3,5,Barron,K,NA,NA,NA,NA,NA,academic,NA,NA
AAGL2016_004,5,7,5,Luketic,Lea,USA,NY,female,0.9876,II,academic,general_OBGYN,NA
AAGL2016_005,3,2,3,Guan,Xiya,China,NA,female,1,China,academic,NA,NA
AAGL2016_006,5,2,5,Ochi,Yoshifumi,Japan,NA,male,0.95,Japan,academic,general_OBGYN,NA
AAGL2016_007,3,4,3,Huy,Nguyen Vu Quoc,NA,NA,male,0.7676,NA,academic,obstetrics,NA
AAGL2016_008,5,3,5,Wang,Yuhan,China,NA,female,1,China,academic,NA,NA
AAGL2016_009,2,NA,2,NA,NA,NA,NA,NA,NA,NA,NA,NA,NA
AAGL2016_010,5,4,5,Siedhoff,Matthew T,USA,CA,male,0.9962,IX,academic,MIGS,NA
AAGL2016_011,5,1,5,Andou,Masaaki,Japan,NA,male,1,Japan,academic,general_OBGYN,NA
AAGL2016_012,3,2,3,Du,Jiang,China,NA,male,0.95,China,academic,general_OBGYN,NA
AAGL2016_013,4,NA,4,NA,NA,NA,NA,NA,NA,NA,NA,NA,NA
AAGL2016_014,2,0,2,Blomkvist,Pär,NA,NA,male,0.95,NA,NA,NA,NA
AAGL2016_015,3,5,3,Fernandez,Hervé,France,NA,male,0.99,France,academic,obstetrics,NA
AAGL2016_016,5,1,5,Gokmen Karasu,Ayse F,USA,IA,female,1,VI,academic,general_OBGYN,NA
AAGL2016_017,5,3,5,Xu,Dan,China,NA,male,0.9953,China,academic,NA,NA
AAGL2016_018,3,1,3,Bradley,Lucy,NA,NA,female,0.9974,NA,academic,NA,NA
AAGL2016_019,5,2,5,Vargas,Montserrat,Mexico,NA,female,1,Mexico,NA,NA,NA
AAGL2016_020,2,2,2,Kim,Jeong Jin,South Korea,NA,male,1,South Korea,academic,general_OBGYN,NA
AAGL2016_021,5,2,5,Choussein,Souzana,Greece,NA,female,0.95,Greece,NA,surgery_other,NA
AAGL2016_022,NA,NA,NA,NA,NA,NA,NA,NA,NA,NA,NA,NA,NA
AAGL2016_023,4,2,4,Mourad,Sherif,Egypt,NA,male,1,Egypt,academic,urology,NA
AAGL2016_024,3,3,3,Matern,Tyson,USA,VA,male,0.9914,IV,academic,NA,NA
AAGL2016_025,2,1,2,Shrivastava,Nitin,India,NA,male,1,India,academic,urology,NA
AAGL2016_026,3,2,3,Rompen,Ingmar F,Switzerland,NA,male,1,Switzerland,academic,surgery_other,NA
AAGL2016_027,1,1,1,Lee,YooKyung,South Korea,NA,female,0.95,South Korea,academic,MFM,NA
AAGL2016_028,5,3,5,To,Valérie,Australia,NA,female,0.95,Australia,NA,NA,NA
AAGL2016_029,5,4,5,Zhang,Xu,China,NA,male,1,China,academic,NA,NA
AAGL2016_030,5,2,5,Koops,Sanne,Netherlands,NA,female,1,Netherlands,academic,NA,NA
AAGL2016_031,3,2,3,Wasson,Megan,USA,MN,female,0.9976,VI,academic,MIGS,NA
AAGL2016_032,4,9,4,Denys,Pierre,France,NA,male,0.995,France,NA,NA,NA
AAGL2016_033,3,2,3,Houlihan,Sara,Canada,NA,female,0.9971,Canada,academic,general_OBGYN,NA
AAGL2016_034,3,3,3,Petersen,Shariska S,USA,MI,female,0.95,V,academic,NA,NA
AAGL2016_035,5,2,5,Sahin,Cihangir,Turkey,NA,male,0.95,Turkey,academic,NA,NA
AAGL2016_036,4,2,4,Mara,Michal,NA,NA,female,0.5163,NA,academic,general_OBGYN,NA
AAGL2016_037,5,4,5,Arakelyan,Anush,USA,MD,male,1,IV,academic,NA,NA
AAGL2016_038,5,1,5,Martinez,Mikaela Erlinda Germar,Philippines,NA,female,1,Philippines,academic,general_OBGYN,NA
AAGL2016_039,4,1,4,Lavelanet,A,Switzerland,NA,NA,NA,Switzerland,academic,NA,NA
AAGL2016_040,3,6,3,Patanwala,Insiyyah Y,USA,FL,female,0.95,XI,academic,general_OBGYN,NA
AAGL2016_041,4,3,4,Aoun,Joe,USA,MA,male,0.9741,I,academic,NA,NA
AAGL2016_042,5,1,5,Mahnert,Nichole,USA,AZ,female,0.9972,VIII,academic,general_OBGYN,NA
AAGL2016_043,5,0,5,Palma-Granados,P,NA,NA,NA,NA,NA,NA,NA,NA
AAGL2016_044,2,1,2,Molinos-Albert,Luis M,Spain,NA,male,0.9938,Spain,academic,NA,NA
AAGL2016_045,2,6,2,Gutman,Robert E,USA,DC,male,0.9958,IV,academic,NA,NA
AAGL2016_046,5,1,5,Lichtman,Andrew,USA,MA,male,0.996,I,academic,NA,NA
AAGL2016_047,5,2,5,Alammari,Roa,USA,MA,female,0.95,I,academic,MIGS,NA
AAGL2016_048,3,2,3,Glaser,Laura M,USA,IL,female,0.9969,VII,academic,MIGS,NA
AAGL2016_049,2,7,2,Blanton,Emily,USA,FL,female,0.9979,XI,military_va,general_OBGYN,NA
AAGL2016_050,5,3,5,Julian,Danielle,USA,FL,female,0.9951,XI,academic,NA,NA
AAGL2016_051,2,3,2,Watkins,Jeffrey R,USA,TX,male,0.9962,X,academic,surgery_other,NA
AAGL2016_052,4,2,4,Gerges,B,Australia,NA,NA,NA,Australia,academic,general_OBGYN,NA
AAGL2016_053,2,1,2,Connors,Jillian,USA,NY,female,0.9972,II,academic,NA,NA
AAGL2016_054,3,2,3,Lerner,Vladimir,Israel,NA,male,1,Israel,academic,NA,NA
AAGL2016_055,2,1,2,Lee,YooKyung,South Korea,NA,female,0.95,South Korea,academic,MFM,NA
AAGL2016_056,5,2,5,Ton,Joey,NA,NA,male,0.8914,NA,academic,NA,NA
AAGL2016_057,5,2,5,Garg,Divyani,India,NA,female,0.95,India,academic,NA,NA
AAGL2016_058,4,3,4,Linares,C,Spain,NA,NA,NA,Spain,academic,NA,NA
AAGL2016_059,3,2,3,King,Lindy,Australia,NA,female,0.8694,Australia,academic,NA,NA
AAGL2016_060,4,3,4,Hinshaw,Shirley J,USA,WI,female,0.991,VI,academic,general_OBGYN,NA
AAGL2016_061,5,12,5,Ito,Hiroe,Japan,NA,female,0.95,Japan,academic,general_OBGYN,NA
AAGL2016_062,3,1,3,Ruiz,Maria P,USA,NY,female,0.9927,II,academic,NA,NA
AAGL2016_063,5,6,5,Adamyan,Leila,Russia,NA,female,0.9998,Russia,academic,MFM,NA
AAGL2016_064,2,1,2,Chen,Mark,USA,NC,male,0.9966,XI,academic,NA,NA
AAGL2016_065,5,6,5,Gomes,Helena Henriques,Portugal,NA,female,1,Portugal,academic,obstetrics,NA
AAGL2016_066,5,3,5,Zhang,Ning,China,NA,female,0.95,China,academic,general_OBGYN,NA
AAGL2016_067,5,2,5,Mabrouk,Mohamed,Italy,NA,male,1,Italy,academic,general_OBGYN,NA
AAGL2016_068,3,2,3,Cáceres,Alejandro,Spain,NA,male,0.9926,Spain,NA,NA,NA
AAGL2016_069,5,2,5,Raiza,Luciana Cristina Pasquini,USA,NY,female,1,II,community,NA,NA
AAGL2016_070,5,3,5,Exacoustos,Caterina,Italy,NA,female,1,Italy,academic,general_OBGYN,NA
AAGL2016_071,4,5,4,Steck-Bayat,Kayvahn P,USA,AZ,male,0.95,VIII,academic,MIGS,NA
AAGL2016_072,5,6,5,Jørgensen,E,Denmark,NA,NA,NA,Denmark,academic,NA,NA
AAGL2016_073,4,3,4,Petersen,Shariska S,USA,MI,female,0.95,V,academic,NA,NA
AAGL2016_074,2,2,2,Li,Peiling,China,NA,female,0.95,China,academic,NA,NA
AAGL2016_075,5,6,5,Robinson,Elena,Switzerland,NA,female,0.9984,Switzerland,academic,NA,NA
AAGL2016_076,3,3,3,Gannagé-Yared,Marie-Hélène,Lebanon,NA,female,0.95,Lebanon,academic,NA,NA
AAGL2016_077,2,3,2,Cheng,Leong Chi,China,NA,male,0.95,China,academic,general_OBGYN,NA
AAGL2016_078,1,1,1,Breen,Michael,NA,NA,male,0.9947,NA,community,NA,NA
AAGL2016_079,3,3,3,Rattray,Darrien D,Canada,NA,male,0.882,Canada,academic,general_OBGYN,NA
AAGL2016_080,3,2,3,Stockwell,Erica,USA,NV,female,0.9958,VIII,academic,MIGS,NA
AAGL2016_081,4,2,4,Bends,Ralf,Germany,NA,male,1,Germany,academic,general_OBGYN,NA
AAGL2016_082,1,6,1,Berman,Jay M,USA,MI,male,0.9875,V,academic,NA,NA
AAGL2016_083,2,2,2,Huirne,Judith,Netherlands,NA,female,0.9974,Netherlands,academic,general_OBGYN,NA
AAGL2016_084,5,3,5,Roy,Koyel,India,NA,female,0.95,India,academic,NA,NA
AAGL2016_085,5,5,5,Chauvet,Pauline,France,NA,female,0.9961,France,academic,MIGS,NA
AAGL2016_086,5,2,5,Usta,Tugay,NA,NA,male,0.95,NA,community,NA,NA
AAGL2016_087,4,6,4,Vilos,George A,Canada,NA,male,0.9931,Canada,academic,general_OBGYN,NA
AAGL2016_088,5,4,5,Al,Serhat,Turkey,NA,male,1,Turkey,academic,NA,NA
AAGL2016_089,5,5,5,Moawad,Gaby,USA,DC,female,0.9748,IV,academic,general_OBGYN,NA
AAGL2016_090,5,2,5,Vargas,Montserrat,Mexico,NA,female,1,Mexico,NA,NA,NA
AAGL2016_091,3,3,3,Harvey,Lara F B,USA,TN,female,0.9989,X,academic,MIGS,NA
AAGL2016_092,5,1,5,Hartley,Jennifer,United Kingdom,NA,female,0.9969,United Kingdom,academic,NA,NA
AAGL2016_093,4,4,4,Croft,Katherine,USA,NC,female,0.9972,XI,academic,general_OBGYN,NA
AAGL2016_094,3,1,3,Casey,James,USA,TN,male,0.9955,X,academic,general_OBGYN,NA
AAGL2016_095,5,1,5,O'Brien,M Shea,USA,KY,NA,NA,V,academic,MIGS,NA
AAGL2016_096,5,1,5,Isaacson,Keith,USA,MA,male,0.9948,I,academic,MIGS,NA
AAGL2017_001,5,3,5,Feng,Lulu,China,NA,female,1,China,academic,NA,NA
AAGL2017_002,5,3,5,Vegas Carrillo de Albornoz,Ana,Spain,NA,female,0.9939,Spain,academic,general_OBGYN,NA
AAGL2017_003,4,5,4,Brito,L,Chile,NA,NA,NA,Chile,NA,NA,NA
AAGL2017_004,3,2,3,Cramer,Michael,Germany,NA,male,0.9947,Germany,academic,NA,NA
AAGL2017_005,4,3,4,Nezhat,Ceana,USA,GA,female,1,XI,NA,surgery_other,NA
AAGL2017_006,2,3,2,Wright,Kelly,USA,CA,female,0.8632,IX,academic,MIGS,NA
AAGL2017_007,5,5,5,Bogani,Giorgio,Italy,NA,male,1,Italy,academic,general_OBGYN,NA
AAGL2017_008,5,5,5,Shahzadi,Lubna,Pakistan,NA,female,1,Pakistan,academic,NA,NA
AAGL2017_009,5,NA,5,NA,NA,NA,NA,NA,NA,NA,NA,NA,NA
AAGL2017_010,5,2,5,Fazel,Asita,Germany,NA,female,0.95,Germany,academic,surgery_other,faculty_senior
AAGL2017_011,5,1,5,Curcio,Erin,USA,NJ,female,0.9732,III,academic,GYN_ONC,NA
AAGL2017_012,3,1,3,Vargas,Rómulo,Colombia,NA,male,0.95,Colombia,academic,NA,NA
AAGL2017_013,2,4,2,Han,Jongsuk,South Korea,NA,male,0.95,South Korea,academic,NA,NA
AAGL2017_014,5,2,5,Matanes,Emad,Israel,NA,male,1,Israel,academic,general_OBGYN,NA
AAGL2017_015,1,4,1,Kaaki,Bilal,USA,IA,male,0.9986,VI,academic,NA,NA
AAGL2017_016,5,2,5,Espinal,Mariana,USA,IL,female,0.9974,VII,academic,MFM,NA
AAGL2017_017,5,2,5,Baker,B Wycke,USA,TX,NA,NA,X,academic,general_OBGYN,NA
AAGL2017_018,4,3,4,Menderes,Gulden,USA,CT,female,0.95,I,academic,GYN_ONC,NA
AAGL2017_019,1,5,1,Steck-Bayat,Kayvahn P,USA,AZ,male,0.95,VIII,academic,MIGS,NA
AAGL2017_020,5,NA,5,NA,NA,NA,NA,NA,NA,NA,NA,NA,NA
AAGL2017_021,4,2,4,Strug,Michael,USA,CA,male,0.9947,IX,academic,REI,NA
AAGL2017_022,3,4,3,Pérez-Brangulí,Francesc,Germany,NA,female,0.6679,Germany,academic,NA,NA
AAGL2017_023,5,1,5,Daykan,Yair,Israel,NA,male,1,Israel,academic,general_OBGYN,NA
AAGL2017_024,5,5,5,Sheyn,David,USA,OH,male,0.9963,V,academic,FPMRS,NA
AAGL2017_025,4,1,4,Noorchashm,Hooman,USA,PA,male,1,III,NA,NA,NA
AAGL2017_026,2,5,2,Saber,Alan A,USA,MA,male,0.9968,I,academic,surgery_other,faculty_senior
AAGL2017_027,2,4,2,Siragusa,Melina Jazmin,Argentina,NA,female,1,Argentina,academic,NA,NA
AAGL2017_028,4,2,4,Padilla,Pablo,France,NA,male,0.9981,France,NA,NA,NA
AAGL2017_029,2,7,2,Schivardi,Gabriella,USA,MN,female,0.9994,VI,academic,obstetrics,NA
AAGL2017_030,5,3,5,Gupta,Natasha,USA,TN,female,0.9971,X,academic,MIGS,NA
AAGL2017_031,5,2,5,Dodge,Nicole A,USA,MN,female,0.9968,VI,academic,urology,NA
AAGL2017_032,4,3,4,Wang,Feng,China,NA,male,1,China,academic,surgery_other,NA
AAGL2017_033,2,3,2,Chiengthong,Keerati,Thailand,NA,NA,NA,Thailand,academic,general_OBGYN,NA
AAGL2017_034,5,NA,5,NA,NA,NA,NA,NA,NA,NA,NA,NA,NA
AAGL2017_035,5,2,5,Altshuler,Paulina C,USA,UT,female,0.9997,VIII,academic,general_OBGYN,NA
AAGL2017_036,3,2,3,Bastawros,Dina,NA,NA,female,0.9975,NA,academic,FPMRS,NA
AAGL2017_037,5,4,5,Clarizia,Roberto,Italy,NA,male,0.9918,Italy,academic,MIGS,NA
AAGL2017_038,5,6,5,Colón-Caraballo,Mariano,USA,PR,male,1,XI,academic,NA,NA
AAGL2017_039,5,6,5,Barel,Ortal,Israel,NA,female,0.95,Israel,research_institute,NA,NA
AAGL2017_040,5,6,5,Adamyan,Leila,Russia,NA,female,0.9998,Russia,academic,MFM,NA
AAGL2017_041,2,4,2,Jacob,Jack,USA,AK,male,0.9967,VIII,private_practice,NA,NA
AAGL2017_042,2,4,2,Jacob,Jack,USA,AK,male,0.9967,VIII,private_practice,NA,NA
AAGL2017_043,5,2,5,Hutchinson,Anne P,USA,NY,female,0.9974,II,academic,general_OBGYN,NA
AAGL2017_044,5,1,5,Maheux-Lacroix,Sarah,Australia,NA,female,0.9971,Australia,academic,NA,NA
AAGL2017_045,5,1,5,Smorgick,Noam,Israel,NA,male,0.8846,Israel,academic,obstetrics,NA
AAGL2017_046,5,3,5,Li,Shuqi,China,NA,female,0.95,China,academic,general_OBGYN,NA
AAGL2017_047,3,1,3,Hiremath,Akkamahadevi C,India,NA,female,0.95,India,academic,general_OBGYN,NA
AAGL2017_048,3,1,3,Falcone,Tommaso,USA,OH,male,1,V,academic,general_OBGYN,NA
AAGL2017_049,5,1,5,DeMik,David E,USA,IA,male,0.9963,VI,academic,NA,NA
AAGL2017_050,3,2,3,Taheri,Melody,United Kingdom,NA,female,0.9982,United Kingdom,academic,general_OBGYN,NA
AAGL2017_051,5,4,5,Hammons,Lindsay,USA,WI,female,0.9705,VI,academic,NA,NA
AAGL2017_052,5,3,5,Jørgensen,Elin,Denmark,NA,female,0.9762,Denmark,academic,NA,NA
AAGL2017_053,4,2,4,Sangha,Roopina,USA,MI,female,0.67,V,academic,NA,NA
AAGL2017_054,5,2,5,Young,Helen,USA,MA,female,0.9963,I,academic,NA,faculty_senior
AAGL2017_055,5,1,5,Till,Sara R,USA,MI,female,0.9971,V,academic,general_OBGYN,NA
AAGL2017_056,5,1,5,Puntambekar,Shailesh,India,NA,male,0.95,India,academic,MIGS,NA
AAGL2017_057,3,4,3,Beran,Benjamin,USA,WI,male,0.9962,VI,academic,obstetrics,NA
AAGL2017_058,3,2,3,Truong,Mireille,USA,CA,female,1,IX,academic,NA,NA
AAGL2017_059,5,4,5,Clarizia,Roberto,Italy,NA,male,0.9918,Italy,academic,MIGS,NA
AAGL2017_060,3,4,3,Fogelson,Noa,Spain,NA,female,0.7299,Spain,academic,NA,NA
AAGL2017_061,5,2,5,Arena,Alessandro,Italy,NA,male,1,Italy,academic,general_OBGYN,NA
AAGL2017_062,5,1,5,Clark,Nancy,Canada,NA,female,0.9972,Canada,academic,NA,NA
AAGL2017_063,5,1,5,Surrey,Eric,USA,DC,male,0.9947,IV,academic,general_OBGYN,NA
AAGL2017_064,2,2,2,Qi,Hang,China,NA,female,1,China,academic,general_OBGYN,NA
AAGL2017_065,3,1,3,Tam,Theresa,Canada,NA,female,0.997,Canada,NA,NA,NA
AAGL2017_066,5,3,5,Yeung,Patrick,USA,MO,male,0.9955,VII,academic,general_OBGYN,NA
AAGL2017_067,1,2,1,Hanafi,Mohamad,Turkey,NA,male,1,Turkey,academic,NA,NA
AAGL2017_068,5,3,5,Gungor,Mete,Turkey,NA,male,1,Turkey,academic,general_OBGYN,NA
AAGL2017_069,2,3,2,Paek,Jiheum,South Korea,NA,male,0.95,South Korea,academic,GYN_ONC,NA
AAGL2017_070,4,8,4,Tyan,Paul,USA,NC,male,0.9959,XI,academic,MIGS,NA
AAGL2017_071,3,1,3,Yoo,Hae K,South Korea,NA,female,1,South Korea,academic,general_OBGYN,NA
AAGL2017_072,3,NA,3,NA,NA,NA,NA,NA,NA,NA,NA,NA,NA
AAGL2017_073,2,2,2,Magee,Corey,United Kingdom,NA,male,0.9502,United Kingdom,academic,NA,NA
AAGL2017_074,3,3,3,Liu,Jie,China,NA,male,0.8187,China,academic,NA,NA
AAGL2017_075,5,3,5,Cun,Huanyao,NA,NA,male,0.95,NA,NA,NA,NA
AAGL2017_076,2,3,2,Shin,In-Whoan,South Korea,NA,male,0.95,South Korea,academic,general_OBGYN,NA
AAGL2017_077,5,5,5,Yang,Fuheng,China,NA,male,0.95,China,academic,NA,NA
AAGL2017_078,1,9,1,Song,Tingwei,China,NA,male,0.95,China,academic,NA,NA
AAGL2017_079,3,4,3,Bortoletto,Pietro,USA,MA,male,1,I,academic,REI,NA
AAGL2017_080,5,1,5,Cohen,Stav,Israel,NA,female,0.5391,Israel,academic,NA,NA
AAGL2017_081,2,NA,2,NA,NA,NA,NA,NA,NA,NA,NA,NA,NA
AAGL2017_082,2,8,2,van der Heijde,Désirée,Netherlands,NA,female,0.95,Netherlands,academic,NA,NA
AAGL2017_083,4,3,4,Bougie,Olga,Canada,NA,female,0.9958,Canada,academic,general_OBGYN,NA
AAGL2017_084,5,1,5,Benetti-Pinto,Cristina Laguna,Brazil,NA,female,0.9949,Brazil,academic,general_OBGYN,NA
AAGL2017_085,5,2,5,Starodubtseva,Natalia,NA,NA,female,0.9991,NA,research_institute,MFM,NA
AAGL2017_086,1,4,1,Wu,Biying,China,NA,female,0.95,China,academic,NA,NA
AAGL2017_087,2,2,2,Borchgrevink,Petter C,Norway,NA,male,1,Norway,academic,NA,NA
AAGL2017_088,5,4,5,Candiani,M,Italy,NA,NA,NA,Italy,NA,general_OBGYN,NA
AAGL2017_089,5,1,5,Zupi,Errico,Italy,NA,male,0.95,Italy,academic,general_OBGYN,NA
AAGL2017_090,5,6,5,Adamyan,Leila,Russia,NA,female,0.9998,Russia,academic,MFM,NA
AAGL2017_091,5,4,5,Zi,Dan,China,NA,male,0.9953,China,academic,general_OBGYN,NA
AAGL2017_092,5,5,5,Nguyen,Nam,Canada,NA,male,1,Canada,academic,NA,NA
AAGL2017_093,5,3,5,Gupta,Natasha,USA,TN,female,0.9971,X,academic,MIGS,NA
AAGL2017_094,5,1,5,Pados,George,Greece,NA,male,0.9931,Greece,academic,obstetrics,NA
AAGL2017_095,4,2,4,Krispin,Eyal,USA,MA,male,1,I,academic,NA,NA
AAGL2017_096,2,2,2,Tordoff,Diana,USA,WA,female,0.9965,VIII,academic,NA,NA
AAGL2017_097,4,3,4,Arabkhazaeli,Moona,USA,NY,female,1,II,academic,general_OBGYN,NA
AAGL2018_001,5,3,5,Di Spiezio Sardo,Attilio,Italy,NA,male,1,Italy,academic,NA,NA
AAGL2018_002,5,3,5,Ratna,Sumanth,USA,CT,male,1,I,academic,NA,NA
AAGL2018_003,5,1,5,Franchini,Michela,Italy,NA,female,1,Italy,academic,NA,NA
AAGL2018_004,2,2,2,Kumar,Asheesh,India,NA,male,0.95,India,academic,NA,NA
AAGL2018_005,2,2,2,Sanders,Ari P,USA,NY,male,0.8457,II,academic,general_OBGYN,NA
AAGL2018_006,3,NA,3,NA,NA,NA,NA,NA,NA,NA,NA,NA,NA
AAGL2018_007,5,2,5,Fazel,Asita,Germany,NA,female,0.95,Germany,academic,surgery_other,faculty_senior
AAGL2018_008,2,3,2,Tang,Xiaoyan,China,NA,female,0.95,China,academic,general_OBGYN,NA
AAGL2018_009,5,3,5,Jørgensen,Siv Lykke,Denmark,NA,female,0.95,Denmark,academic,obstetrics,NA
AAGL2018_010,5,4,5,Carrubba,Aakriti R,USA,MN,female,1,VI,academic,general_OBGYN,NA
AAGL2018_011,2,1,2,Li,Huang,China,NA,male,0.95,China,academic,surgery_other,NA
AAGL2018_012,4,1,4,Andou,Masaaki,Japan,NA,male,1,Japan,academic,general_OBGYN,NA
AAGL2018_013,2,4,2,Park,Bombi,South Korea,NA,male,0.95,South Korea,academic,surgery_other,NA
AAGL2018_014,3,5,3,Chaves,Karina,Australia,NA,female,0.9956,Australia,NA,NA,NA
AAGL2018_015,3,3,3,Le Neveu,Margot,USA,MD,female,1,IV,academic,obstetrics,NA
AAGL2018_016,3,0,3,Coote,Susan,NA,NA,female,0.9978,NA,NA,NA,NA
AAGL2018_017,3,12,3,Royce,Celeste S,USA,MA,female,0.9992,I,academic,general_OBGYN,NA
AAGL2018_018,5,2,5,Ribeiro,Diogo,Portugal,NA,male,1,Portugal,NA,NA,NA
AAGL2018_019,5,2,5,Bensouda-Miguet,Chloe,France,NA,female,0.9984,France,academic,general_OBGYN,NA
AAGL2018_020,4,3,4,Shen,Fanlingzi,China,NA,female,0.95,China,research_institute,NA,NA
AAGL2018_021,5,1,5,Padilla,Pablo,France,NA,male,0.9981,France,NA,NA,NA
AAGL2018_022,5,8,5,Tyan,Paul,USA,NC,male,0.9959,XI,academic,MIGS,NA
AAGL2018_023,5,2,5,Foley,Christine E,USA,NY,female,0.9967,II,academic,general_OBGYN,NA
AAGL2018_024,5,5,5,Ceccaroni,Marcello,Italy,NA,male,0.9975,Italy,academic,MIGS,NA
AAGL2018_025,5,2,5,Namkung,Jeong,South Korea,NA,male,1,South Korea,academic,general_OBGYN,NA
AAGL2018_026,3,4,3,Jan,Hanif,Pakistan,NA,male,1,Pakistan,academic,NA,NA
AAGL2018_027,1,2,1,Bravo,R,Spain,NA,NA,NA,Spain,academic,NA,NA
AAGL2018_028,2,1,2,Chao,Lisa,USA,PA,female,0.9973,III,academic,general_OBGYN,NA
AAGL2018_029,5,5,5,Bastawros,Dina,USA,NC,female,0.9975,XI,academic,FPMRS,NA
AAGL2018_030,5,4,5,Page,Ann-Sophie,Belgium,NA,female,0.95,Belgium,academic,FPMRS,NA
AAGL2018_031,4,2,4,Laufer,Joel,NA,NA,male,0.9899,NA,academic,general_OBGYN,NA
AAGL2018_032,5,27,5,Matos,Marcela,Portugal,NA,female,1,Portugal,academic,NA,NA
AAGL2018_033,2,4,2,Jacob,Jack,USA,AK,male,0.9967,VIII,private_practice,NA,NA
AAGL2018_034,4,2,4,Dougher,Erin,NA,NA,female,0.9732,NA,NA,NA,NA
AAGL2018_035,5,4,5,Ovakimyan,Andrew,USA,CA,male,0.996,IX,academic,NA,NA
AAGL2018_036,5,2,5,Fazel,Asita,Germany,NA,female,0.95,Germany,academic,surgery_other,faculty_senior
AAGL2018_037,4,6,4,Adamyan,Leila,Russia,NA,female,0.9998,Russia,academic,MFM,NA
AAGL2018_038,5,4,5,Bougie,O,Canada,NA,NA,NA,Canada,academic,general_OBGYN,NA
AAGL2018_039,5,1,5,Nezhat,Ceana H,USA,GA,female,1,XI,community,MIGS,NA
AAGL2018_040,3,1,3,Clark,Nancy,USA,MO,female,0.9972,VII,academic,NA,NA
AAGL2018_041,1,2,1,Shah,Nitin,India,NA,male,1,India,academic,NA,NA
AAGL2018_042,5,6,5,Hoyos,Luis R,USA,CA,male,0.9938,IX,academic,obstetrics,NA
AAGL2018_043,5,9,5,Quinn,Shauna,Ireland,NA,female,0.9981,Ireland,academic,NA,NA
AAGL2018_044,5,5,5,Kim,Tana,USA,MN,female,0.9994,VI,academic,REI,NA
AAGL2018_045,2,7,2,Nucifora,Gaetano,United Kingdom,NA,male,1,United Kingdom,academic,NA,NA
AAGL2018_046,2,10,2,Zhao,Yibai,USA,WA,male,0.95,VIII,academic,NA,NA
AAGL2018_047,5,3,5,Opoku-Anane,Jessica,USA,CA,female,0.9968,IX,academic,general_OBGYN,NA
AAGL2018_048,2,1,2,Chao,Lisa,USA,PA,female,0.9973,III,academic,general_OBGYN,NA
AAGL2018_049,5,4,5,Miller,Jackson,NA,NA,male,0.9969,NA,NA,NA,NA
AAGL2018_050,5,3,5,Kamath,Mohan S,India,NA,male,1,India,academic,NA,NA
AAGL2018_051,3,2,3,Adolfsson,Emma,Sweden,NA,female,0.9978,Sweden,academic,general_OBGYN,NA
AAGL2018_052,5,1,5,Hattiangadi,Rohan,USA,WA,male,0.9978,VIII,academic,general_OBGYN,NA
AAGL2018_053,5,3,5,Belilovets,Anastasia,USA,NV,female,0.9993,VIII,academic,general_OBGYN,NA
AAGL2018_054,3,6,3,Melnyk,Angela,USA,MO,female,0.997,VII,academic,NA,NA
AAGL2018_055,1,1,1,Woo,Jean,Hong Kong,NA,female,0.9467,Hong Kong,academic,NA,NA
AAGL2018_056,5,2,5,Bradley,Susan,United Kingdom,NA,female,0.9978,United Kingdom,academic,NA,NA
AAGL2018_057,5,1,5,Niu,Cuili,China,NA,NA,NA,China,academic,general_OBGYN,NA
AAGL2018_058,5,4,5,Bourdel,Nicolas,France,NA,male,0.9975,France,academic,general_OBGYN,NA
AAGL2018_059,5,4,5,Valerio,Francesca,Italy,NA,female,0.9987,Italy,NA,NA,NA
AAGL2018_060,5,NA,5,NA,NA,NA,NA,NA,NA,NA,NA,NA,NA
AAGL2018_061,5,6,5,Baù,Maria Grazia,Italy,NA,female,0.9927,Italy,academic,obstetrics,NA
AAGL2018_062,5,2,5,Fuentes,Francisco,Chile,NA,male,0.9921,Chile,academic,general_OBGYN,NA
AAGL2018_063,4,2,4,Moein,Anita,USA,MO,female,0.9968,VII,academic,NA,NA
AAGL2018_064,5,4,5,Jaramillo-Cardoso,Adrian,USA,MA,male,0.9269,I,academic,NA,NA
AAGL2018_065,5,1,5,Jung,Yoon Bin,South Korea,NA,male,0.6826,South Korea,academic,surgery_other,NA
AAGL2018_066,3,3,3,Al Kibria,Gulam Muhammed,USA,MD,male,0.95,IV,academic,NA,NA
AAGL2018_067,5,2,5,Matanes,Emad,Israel,NA,male,1,Israel,academic,general_OBGYN,NA
AAGL2018_068,5,3,5,Declas,Estelle,France,NA,female,0.9985,France,academic,general_OBGYN,NA
AAGL2018_069,4,1,4,Movilla,Peter,USA,MA,male,0.9965,I,academic,MIGS,NA
AAGL2018_070,2,8,2,Tao,Muheng,China,NA,male,0.95,China,military_va,general_OBGYN,NA
AAGL2018_071,5,2,5,Wang,Huijuan,China,NA,NA,NA,China,academic,surgery_other,NA
AAGL2018_072,1,0,1,San,Sovannarith,NA,NA,male,0.95,NA,NA,NA,NA
AAGL2018_073,2,2,2,Lampinen,Maria,Sweden,NA,female,0.9927,Sweden,academic,NA,NA
AAGL2018_074,2,11,2,Donaldson,James F,United Kingdom,NA,male,0.9955,United Kingdom,academic,urology,NA
AAGL2018_075,5,4,5,Koichopolos,Jennifer,Canada,NA,female,0.9969,Canada,academic,surgery_other,NA
AAGL2018_076,3,3,3,Opatovsky,Itai,Israel,NA,male,1,Israel,research_institute,NA,NA
AAGL2018_077,5,1,5,Truong,Matthew,USA,NY,male,0.9962,II,academic,NA,NA
AAGL2018_078,3,1,3,Elfeky,Amro,USA,NY,male,1,II,academic,general_OBGYN,NA
AAGL2018_079,1,0,1,Yazdani,Azam,NA,NA,male,1,NA,NA,NA,NA
AAGL2018_080,4,0,4,Perrone,Kenneth H,NA,NA,male,0.9957,NA,NA,NA,NA
AAGL2018_081,3,6,3,Melnyk,Angela,USA,MO,female,0.997,VII,academic,NA,NA
AAGL2018_082,3,1,3,Hirpara,Dhruvin H.,NA,NA,male,1,NA,academic,surgery_other,NA
AAGL2018_083,5,1,5,Surrey,E,United Kingdom,NA,NA,NA,United Kingdom,NA,NA,NA
AAGL2018_084,4,2,4,Leborne,Perrine,France,NA,female,1,France,academic,general_OBGYN,NA
AAGL2018_085,4,3,4,Ghai,Vishalli,United Kingdom,NA,female,0.95,United Kingdom,academic,general_OBGYN,NA
AAGL2018_086,5,5,5,Leyland,Nicholas,Canada,NA,male,0.9963,Canada,academic,general_OBGYN,NA
AAGL2018_087,4,6,4,Andriani,Leslie,USA,PA,female,0.7724,III,academic,GYN_ONC,NA
AAGL2018_088,3,3,3,Dior,Uri P,Australia,NA,male,0.9605,Australia,NA,general_OBGYN,NA
AAGL2018_089,1,3,1,Ayik,Nizameddin,Germany,NA,male,0.95,Germany,academic,surgery_other,NA
AAGL2018_090,5,3,5,Opoku-Anane,Jessica,USA,CA,female,0.9968,IX,academic,general_OBGYN,NA
AAGL2018_091,3,1,3,Kita,Shunbun,NA,NA,male,0.95,NA,academic,NA,NA
AAGL2018_092,4,1,4,Jorgensen,Elisa M,USA,MA,female,0.9969,I,academic,general_OBGYN,NA
AAGL2018_093,5,7,5,Sedra,Silvana,NA,NA,female,1,NA,academic,general_OBGYN,NA
AAGL2018_094,5,2,5,Tamhane,Nupur,USA,FL,female,1,XI,academic,general_OBGYN,NA
AAGL2018_095,3,2,3,Holtzman,Sharonne,USA,NY,female,1,II,academic,general_OBGYN,NA
AAGL2019_001,3,2,3,Miller,Charles E,USA,IL,male,0.9949,VII,NA,general_OBGYN,NA
AAGL2019_002,4,1,4,Schneyer,Rebecca,USA,CA,female,0.9973,IX,academic,general_OBGYN,NA
AAGL2019_003,3,2,3,Benabou,Kelly,USA,CT,female,0.8632,I,academic,general_OBGYN,NA
AAGL2019_004,3,1,3,Gisseman,Jordan,USA,TX,male,0.719,X,military_va,general_OBGYN,NA
AAGL2019_005,3,1,3,Urbina,Pietro,Spain,NA,male,1,Spain,NA,NA,NA
AAGL2019_006,2,1,2,Allen,Sarah E,USA,PA,female,0.9971,III,academic,general_OBGYN,NA
AAGL2019_007,3,2,3,Bloomfield,Valerie,Canada,NA,female,0.9973,Canada,academic,general_OBGYN,NA
AAGL2019_008,5,3,5,Chen,Lina,China,NA,female,0.9996,China,academic,NA,NA
AAGL2019_009,3,3,3,Smith,Rachael B,USA,AZ,female,0.9978,VIII,academic,MIGS,NA
AAGL2019_010,3,2,3,Yadav,Preeti,India,NA,female,1,India,academic,general_OBGYN,NA
AAGL2019_011,5,2,5,Abdollahi,Sepideh,Iran,NA,female,1,Iran,academic,NA,NA
AAGL2019_012,4,5,4,Slootbeek,Peter H J,Netherlands,NA,male,0.9965,Netherlands,academic,NA,NA
AAGL2019_013,5,NA,5,NA,NA,NA,NA,NA,NA,NA,NA,NA,NA
AAGL2019_014,5,3,5,Post,Rene,NA,NA,male,0.6702,NA,NA,NA,NA
AAGL2019_015,5,6,5,Adamyan,Leila,NA,NA,female,0.9998,NA,academic,NA,NA
AAGL2019_016,4,4,4,Moulder,Janelle K,USA,NC,female,0.9984,XI,academic,general_OBGYN,NA
AAGL2019_017,2,1,2,Allen,Sarah E,USA,PA,female,0.9971,III,academic,general_OBGYN,NA
AAGL2019_018,5,1,5,Gu,Yiqing,China,NA,female,0.95,China,academic,NA,NA
AAGL2019_019,2,1,2,Sert,Mediha,Turkey,NA,female,0.95,Turkey,academic,NA,NA
AAGL2019_020,5,1,5,Sawada,Masanaru,USA,MD,male,0.95,IV,academic,NA,NA
AAGL2019_021,1,1,1,Andou,Masaaki,Japan,NA,male,1,Japan,academic,general_OBGYN,NA
AAGL2019_022,3,2,3,Souza,Cristiane,Portugal,NA,female,0.95,Portugal,NA,NA,NA
AAGL2019_023,3,1,3,Munro,Malcolm G,USA,WA,male,0.9981,VIII,military_va,general_OBGYN,NA
AAGL2019_024,2,6,2,Lombardi,Teresa,Italy,NA,female,0.9973,Italy,academic,NA,NA
AAGL2019_025,5,12,5,Tanvir,Tanvir,India,NA,male,0.9681,India,academic,general_OBGYN,NA
AAGL2019_026,5,2,5,Yang,Qiannan,USA,TX,female,0.95,X,academic,MIGS,NA
AAGL2019_027,5,5,5,Harvey,Lara,USA,TN,female,0.9989,X,academic,MIGS,NA
AAGL2019_028,2,3,2,Ellis,Sonja J,New Zealand,NA,female,0.9989,New Zealand,academic,NA,NA
AAGL2019_029,3,1,3,Rosenblatt,Paula,USA,MD,female,0.997,IV,academic,NA,NA
AAGL2019_030,3,3,3,Haverland,Rachael,USA,MN,female,0.9978,VI,academic,MIGS,NA
AAGL2019_031,4,3,4,Acosta,Daisy,NA,NA,female,0.9953,NA,academic,NA,NA
AAGL2019_032,2,1,2,Plair,Andre,USA,NC,male,0.9804,XI,academic,urology,NA
AAGL2019_033,5,4,5,Perruzza,Davide,Italy,NA,male,1,Italy,academic,NA,NA
AAGL2019_034,4,2,4,Jenny,Carole,USA,WA,female,0.9977,VIII,academic,NA,NA
AAGL2019_035,2,3,2,Dhariwal,Laura,USA,NJ,female,0.9969,III,academic,FPMRS,NA
AAGL2019_036,3,3,3,Davenport,Erica,USA,NV,female,0.9958,VIII,academic,MIGS,fellow
AAGL2019_037,2,2,2,Leach,D Allan,USA,MN,NA,NA,VI,academic,MIGS,NA
AAGL2019_038,3,3,3,Boyd,Susan,Canada,NA,female,0.9978,Canada,academic,NA,NA
AAGL2019_039,2,1,2,Qiu,Jun-Jun,China,NA,female,0.95,China,academic,general_OBGYN,NA
AAGL2019_040,5,7,5,Ceccaroni,Marcello,Italy,NA,male,0.9975,Italy,academic,GYN_ONC,NA
AAGL2019_041,5,1,5,Lee,Chia-Yi,Taiwan,NA,female,0.95,Taiwan,academic,general_OBGYN,NA
AAGL2019_042,4,3,4,Roman,Horace,France,NA,male,0.9957,France,NA,NA,NA
AAGL2019_043,5,2,5,Souza,Cristiane,Portugal,NA,female,0.95,Portugal,NA,NA,NA
AAGL2019_044,5,4,5,Zakhari,Andrew,USA,NY,male,0.996,II,academic,general_OBGYN,NA
AAGL2019_045,5,7,5,Yang,Jie,USA,MN,male,0.8187,VI,academic,general_OBGYN,NA
AAGL2019_046,4,2,4,Li,Deguan,China,NA,male,1,China,academic,surgery_other,NA
AAGL2019_047,5,7,5,Sroussi,Jérémy,France,NA,male,0.95,France,academic,general_OBGYN,NA
AAGL2019_048,3,NA,3,NA,NA,NA,NA,NA,NA,NA,NA,NA,NA
AAGL2019_049,3,0,3,Wu,Chengyuan,NA,NA,male,0.95,NA,NA,NA,NA
AAGL2019_050,3,0,3,Wu,Chengyuan,NA,NA,male,0.95,NA,NA,NA,NA
AAGL2019_051,4,1,4,Womack,Ashley S,USA,AZ,female,0.9839,VIII,academic,NA,NA
AAGL2019_052,2,2,2,Guerrero-Flores,Martin Hazael,Mexico,NA,male,0.995,Mexico,NA,NA,NA
AAGL2019_053,4,3,4,Khadraoui,Wafa,USA,CT,female,1,I,academic,general_OBGYN,NA
AAGL2019_054,4,1,4,Mutlu,Levent,USA,CT,male,1,I,academic,GYN_ONC,NA
AAGL2019_055,3,2,3,Seaman,Sierra,USA,NY,female,0.9972,II,academic,obstetrics,NA
AAGL2019_056,5,3,5,Peters,Ann,USA,PA,female,0.9972,III,academic,general_OBGYN,NA
AAGL2019_057,1,1,1,Guan,Xiaoming,USA,TX,male,0.95,X,academic,MIGS,NA
AAGL2019_058,3,10,3,Green,Isabel,USA,MN,female,0.9851,VI,academic,MIGS,NA
AAGL2019_059,3,2,3,Baekelandt,J,Belgium,NA,NA,NA,Belgium,academic,MIGS,NA
AAGL2019_060,4,2,4,Jackson,Emma F,Australia,NA,female,0.9978,Australia,academic,NA,NA
AAGL2019_061,4,3,4,Chao,Lisa,USA,TX,female,0.9973,X,academic,general_OBGYN,NA
AAGL2019_062,5,5,5,Reddy,Harsha,USA,IN,male,0.8948,V,academic,NA,NA
AAGL2019_063,5,5,5,Cooke,Christopher,USA,MI,male,0.995,V,community,surgery_other,NA
AAGL2019_064,2,1,2,Foley,Christine,USA,PA,female,0.9967,III,academic,general_OBGYN,NA
AAGL2019_065,5,4,5,Mui,Justin,USA,MO,male,0.9947,VII,academic,general_OBGYN,NA
AAGL2019_066,2,1,2,Tam,Terence,China,NA,male,0.9945,China,academic,NA,NA
AAGL2019_067,3,5,3,Kamel,Sarah I,USA,PA,female,0.9971,III,academic,NA,NA
AAGL2019_068,4,3,4,Hamilton,Dinusha T,Canada,NA,female,0.95,Canada,academic,general_OBGYN,NA
AAGL2019_069,3,3,3,Smith,Rachael B,USA,AZ,female,0.9978,VIII,academic,MIGS,NA
AAGL2019_070,2,6,2,Melnyk,Angela,USA,MO,female,0.997,VII,academic,NA,NA
AAGL2019_071,5,5,5,Guan,Xiaoming,USA,TX,male,0.95,X,academic,MIGS,NA
AAGL2019_072,2,4,2,Jan,Hanif,Pakistan,NA,male,1,Pakistan,academic,NA,NA
AAGL2019_073,4,2,4,Solís-Miranda,Jorge,Mexico,NA,male,0.994,Mexico,NA,NA,NA
AAGL2019_074,4,4,4,Hunkler,Kiley,USA,MD,female,0.942,IV,military_va,MIGS,NA
AAGL2019_075,3,2,3,Evans,Sarah,USA,NC,female,0.9971,XI,academic,general_OBGYN,NA
AAGL2019_076,3,2,3,Cullinane,Carolyn,Ireland,NA,female,0.9972,Ireland,academic,surgery_other,NA
AAGL2019_077,3,2,3,Ruhotina,Merima,USA,RI,female,1,I,academic,general_OBGYN,resident
AAGL2019_078,5,2,5,Smith,Kieran,United Kingdom,NA,male,0.877,United Kingdom,NA,NA,NA
AAGL2019_079,1,5,1,Yang,Fuheng,China,NA,male,0.95,China,academic,NA,NA
AAGL2019_080,4,1,4,Ezzedine,Dima,USA,NY,female,0.787,II,community,general_OBGYN,NA
AAGL2019_081,3,3,3,Davenport,Erica,USA,NV,female,0.9958,VIII,academic,MIGS,fellow
AAGL2019_082,3,2,3,Gill,Corey M,USA,NY,male,0.9502,II,academic,general_OBGYN,NA
AAGL2019_083,5,NA,5,NA,NA,NA,NA,NA,NA,NA,NA,NA,NA
AAGL2019_084,1,1,1,Liu,Jian-Hong,China,NA,male,0.95,China,academic,general_OBGYN,NA
AAGL2019_085,5,3,5,Liao,Ze-Lan,China,NA,female,0.95,China,academic,general_OBGYN,NA
AAGL2019_086,5,1,5,Petrini,Allison,USA,NY,female,0.9914,II,academic,NA,NA
AAGL2019_087,1,2,1,Yashadhana,Aryati,United Kingdom,NA,female,0.95,United Kingdom,academic,NA,NA
AAGL2019_088,5,4,5,Chill,Henry H,Israel,NA,male,0.9933,Israel,academic,general_OBGYN,NA
AAGL2019_089,5,2,5,Aharoni,Saar,Israel,NA,male,0.95,Israel,academic,general_OBGYN,NA
AAGL2019_090,5,3,5,Ceci,Oronzo,Italy,NA,male,0.95,Italy,academic,general_OBGYN,NA
AAGL2019_091,2,2,2,Araya,Shambel,NA,NA,male,0.95,NA,academic,NA,NA
AAGL2019_092,2,5,2,Gagnon,Heather,Canada,NA,female,0.9973,Canada,NA,NA,NA
AAGL2019_093,2,7,2,Leal,Jenine,Canada,NA,female,1,Canada,academic,NA,NA
AAGL2019_094,1,1,1,Brill,Alexander,USA,AL,male,0.9921,XI,academic,NA,NA
AAGL2019_095,2,3,2,Hanstede,Miriam M F,Netherlands,NA,female,0.9967,Netherlands,academic,general_OBGYN,NA
AAGL2019_096,1,4,1,Coe,Kirsten,USA,VT,female,0.9962,I,academic,NA,NA
AAGL2020_001,4,2,4,Luchristt,Douglas,USA,IL,male,0.9965,VII,academic,FPMRS,NA
AAGL2020_002,3,2,3,Ross,Wendy,United Kingdom,NA,female,0.9965,United Kingdom,academic,NA,NA
AAGL2020_003,3,1,3,Cruz,Janet,USA,CA,female,0.9973,IX,academic,general_OBGYN,NA
AAGL2020_004,5,5,5,Puntambekar,Shraddha,India,NA,female,1,India,academic,NA,NA
AAGL2020_005,5,3,5,Bisch,Steven,Canada,NA,male,0.9963,Canada,NA,GYN_ONC,NA
AAGL2020_006,2,2,2,Edwards,Darl,USA,NY,male,0.9641,II,academic,general_OBGYN,NA
AAGL2020_007,2,2,2,Zhang,Jiajun,United Kingdom,NA,male,0.95,United Kingdom,academic,NA,NA
AAGL2020_008,4,4,4,Goldman,Charlotte,USA,DC,female,0.9978,IV,academic,urology,NA
AAGL2020_009,4,3,4,Benabou,Kelly,USA,CT,female,0.8632,I,academic,general_OBGYN,NA
AAGL2020_010,4,7,4,Marcu,Ioana,USA,MO,female,1,VII,academic,general_OBGYN,NA
AAGL2020_011,5,1,5,Pereira,Rafael,USA,MI,male,0.9916,V,academic,NA,NA
AAGL2020_012,5,1,5,Pereira,Rafael,USA,MI,male,0.9916,V,academic,NA,NA
AAGL2020_013,5,11,5,Abu-Zaid,Ahmed,Saudi Arabia,NA,male,1,Saudi Arabia,academic,general_OBGYN,NA
AAGL2020_014,3,2,3,Simmonds,Christopher,USA,WA,male,0.995,VIII,NA,NA,NA
AAGL2020_015,5,1,5,Kingery,Matthew T,USA,NY,male,0.9962,II,academic,surgery_other,NA
AAGL2020_016,4,7,4,Piszczek,Carolyn C,USA,OR,female,0.9972,VIII,private_practice,general_OBGYN,NA
AAGL2020_017,5,5,5,Edell,Humara,Canada,NA,female,0.95,Canada,academic,FPMRS,NA
AAGL2020_018,5,1,5,Liu,Yu,China,NA,female,0.526,China,academic,general_OBGYN,NA
AAGL2020_019,5,2,5,Barbosa,Guilherme Bicudo,USA,NY,male,1,II,community,general_OBGYN,NA
AAGL2020_020,5,14,5,Al-Hendy,Ayman,USA,IL,male,0.9818,VII,academic,general_OBGYN,NA
AAGL2020_021,5,6,5,Stewart,Elizabeth A,USA,MN,female,0.9969,VI,academic,REI,NA
AAGL2020_022,5,2,5,Bottura,Bruna,USA,NY,female,1,II,academic,general_OBGYN,resident
AAGL2020_023,5,1,5,Urbina,Pietro,Spain,NA,male,1,Spain,NA,NA,NA
AAGL2020_024,2,2,2,Davis,Bryan,USA,OH,male,0.9951,V,academic,NA,NA
AAGL2020_025,5,NA,5,NA,NA,NA,NA,NA,NA,NA,NA,NA,NA
AAGL2020_026,5,2,5,Mohr-Sasson,Aya,Israel,NA,female,1,Israel,academic,general_OBGYN,NA
AAGL2020_027,3,NA,3,NA,NA,NA,NA,NA,NA,NA,NA,NA,NA
AAGL2020_028,3,3,3,Kim,Chang Woo,South Korea,NA,male,0.9831,South Korea,academic,surgery_other,NA
AAGL2020_029,2,1,2,Michel,Lindsey,NA,NA,female,0.9632,NA,academic,general_OBGYN,NA
AAGL2020_030,3,2,3,Mir,Iqbal Saleem,India,NA,male,1,India,academic,surgery_other,NA
AAGL2020_031,1,2,1,Lawani,Osayi,USA,TX,female,0.95,X,academic,NA,NA
AAGL2020_032,3,2,3,Stanton,Adam,United Kingdom,NA,male,0.9959,United Kingdom,academic,NA,NA
AAGL2020_033,5,3,5,Förster,Christiane E,Switzerland,NA,female,0.9974,Switzerland,academic,general_OBGYN,NA
AAGL2020_034,4,3,4,Smith,Rachael B,USA,AZ,female,0.9978,VIII,academic,MIGS,NA
AAGL2020_035,1,1,1,Guan,Xiaoming,USA,TX,male,0.95,X,academic,MIGS,NA
AAGL2020_036,3,3,3,Scott,Michael,United Kingdom,NA,male,0.9947,United Kingdom,academic,NA,NA
AAGL2020_037,5,5,5,Ruggieri,Stefania,Italy,NA,female,1,Italy,academic,general_OBGYN,NA
AAGL2020_038,5,4,5,Bastawros,Dina,USA,NC,female,0.9975,XI,NA,NA,NA
AAGL2020_039,4,1,4,Carrubba,Alberto,NA,NA,male,0.9926,NA,NA,NA,NA
AAGL2020_040,4,2,4,des Bordes,Jude,USA,TX,male,0.9332,X,academic,NA,NA
AAGL2020_041,2,0,2,Morais,Luiz,NA,NA,male,1,NA,NA,NA,NA
AAGL2020_042,5,NA,5,NA,NA,NA,NA,NA,NA,NA,NA,NA,NA
AAGL2020_043,5,NA,5,NA,NA,NA,NA,NA,NA,NA,NA,NA,NA
AAGL2020_044,3,6,3,Filippova,Olga T,USA,NY,female,0.9958,II,academic,general_OBGYN,NA
AAGL2020_045,5,4,5,Mun,Jaehee,South Korea,NA,female,0.95,South Korea,academic,general_OBGYN,NA
AAGL2020_046,5,12,5,Bogani,Giorgio,Italy,NA,male,1,Italy,academic,general_OBGYN,NA
AAGL2020_047,5,NA,5,NA,NA,NA,NA,NA,NA,NA,NA,NA,NA
AAGL2020_048,4,NA,4,NA,NA,NA,NA,NA,NA,NA,NA,NA,NA
AAGL2020_049,2,4,2,Pickett,Charlotte M,USA,IN,female,0.9978,V,academic,general_OBGYN,NA
AAGL2020_050,5,2,5,Pepin,Kristen,USA,NY,female,0.9911,II,academic,general_OBGYN,NA
AAGL2020_051,5,3,5,Celikgun,Beyza,Turkey,NA,female,1,Turkey,academic,NA,NA
AAGL2020_052,2,1,2,Muir,Teale M,USA,PA,female,1,III,military_va,MIGS,NA
AAGL2020_053,5,9,5,Levin,Gabriel,Canada,NA,male,0.9766,Canada,academic,GYN_ONC,NA
AAGL2020_054,2,3,2,Calini,G,USA,MN,NA,NA,VI,academic,surgery_other,NA
AAGL2020_055,3,2,3,Orlando,Megan S,USA,CO,female,0.9976,VIII,academic,general_OBGYN,NA
AAGL2020_056,5,1,5,Shivji,Azra,Canada,NA,female,0.98,Canada,academic,general_OBGYN,NA
AAGL2020_057,5,2,5,Hamouie,Angie,USA,DC,female,0.9978,IV,academic,surgery_other,NA
AAGL2020_058,1,2,1,Luciano,Davide,Norway,NA,male,1,Norway,academic,NA,NA
AAGL2020_059,5,2,5,Willson,Stephanie F,USA,NY,female,0.9966,II,academic,NA,NA
AAGL2020_060,4,5,4,Smith,Katherine A,USA,MN,female,0.9972,VI,academic,NA,NA
AAGL2020_061,5,6,5,Israni,Dipa K,India,NA,female,1,India,academic,NA,NA
AAGL2020_062,4,7,4,Marcu,Ioana,USA,MO,female,1,VII,academic,general_OBGYN,NA
AAGL2020_063,2,3,2,Roman,Horace,Denmark,NA,male,0.9957,Denmark,academic,obstetrics,NA
AAGL2020_064,5,4,5,Lin,E,Sweden,NA,NA,NA,Sweden,academic,surgery_other,NA
AAGL2020_065,5,3,5,Haverland,Rachael,USA,MN,female,0.9978,VI,academic,MIGS,NA
AAGL2020_066,5,6,5,Delara,Ritchie,USA,MN,male,0.9905,VI,academic,general_OBGYN,NA
AAGL2020_067,5,13,5,Ulrich,Anna,United Kingdom,NA,female,0.9971,United Kingdom,academic,NA,NA
AAGL2020_068,2,2,2,Yu,Vanessa,USA,MA,female,0.9962,I,academic,NA,NA
AAGL2020_069,2,4,2,Tahernejad,Somayeh,Iran,NA,female,0.95,Iran,academic,NA,NA
AAGL2020_070,3,2,3,Miles,Shana,USA,MD,female,0.9964,IV,academic,MIGS,NA
AAGL2020_071,5,2,5,Souza,Carla,Brazil,NA,female,0.9973,Brazil,academic,NA,NA
AAGL2020_072,5,7,5,Banerjee,Dyuti,NA,NA,female,0.95,NA,NA,NA,NA
AAGL2020_073,1,2,1,Mohara,Mizuki,Japan,NA,female,0.9786,Japan,NA,NA,NA
AAGL2020_074,4,1,4,Zhang,Chenzi,China,NA,female,0.95,China,academic,NA,NA
AAGL2020_075,5,6,5,Venturella,Roberta,Italy,NA,female,0.9957,Italy,academic,NA,NA
AAGL2020_076,2,1,2,Michel,Lindsey,NA,NA,female,0.9632,NA,academic,general_OBGYN,NA
AAGL2020_077,4,3,4,Schmidt,Christina N,USA,CA,female,0.996,IX,academic,NA,NA
AAGL2020_078,3,1,3,Boyd,Susan,Canada,NA,female,0.9978,Canada,academic,NA,faculty_senior
AAGL2020_079,2,14,2,Lee,Ted,USA,NY,male,0.9977,II,academic,MIGS,NA
AAGL2020_080,4,3,4,Zhao,Xingping,China,NA,female,0.95,China,academic,general_OBGYN,NA
AAGL2020_081,5,3,5,Williams,Anna,United Kingdom,NA,female,0.9971,United Kingdom,NA,NA,NA
AAGL2020_082,4,2,4,Kulkarni,Aditya,India,NA,male,0.9986,India,academic,NA,NA
AAGL2020_083,4,4,4,Li,Waixing,China,NA,male,0.95,China,academic,general_OBGYN,NA
AAGL2020_084,5,2,5,Young,Robert,USA,OH,male,0.9958,V,academic,NA,NA
AAGL2020_085,2,0,2,Benabou,Kelly,NA,NA,female,0.8632,NA,NA,NA,NA
AAGL2020_086,4,1,4,Movilla,Peter,USA,MA,male,0.9965,I,academic,MIGS,NA
AAGL2020_087,4,1,4,Duncan,Jonathan,USA,AZ,male,0.9954,VIII,academic,NA,NA
AAGL2020_088,4,NA,4,NA,NA,NA,NA,NA,NA,NA,NA,NA,NA
AAGL2020_089,1,3,1,da Costa,Adriano Carneiro,United Kingdom,NA,male,1,United Kingdom,academic,surgery_other,NA
AAGL2020_090,3,3,3,Katebi Kashi,Payam,USA,VA,male,1,IV,military_va,general_OBGYN,NA
AAGL2020_091,2,6,2,Fakhralddin,Saman Salih,NA,NA,male,0.6652,NA,academic,urology,NA
AAGL2020_092,3,1,3,Shu,Michael,NA,NA,male,0.9947,NA,academic,MIGS,NA
AAGL2020_093,5,6,5,León,Maela,Spain,NA,female,1,Spain,NA,NA,NA
AAGL2020_094,3,2,3,Hamouie,Angie,USA,DC,female,0.9978,IV,academic,surgery_other,NA
AAGL2020_095,3,4,3,Tanvir,Tanvir,India,NA,male,0.9681,India,academic,general_OBGYN,NA
AAGL2021_001,5,4,5,Goncharov,A L,Russia,NA,NA,NA,Russia,academic,NA,NA
AAGL2021_002,5,NA,5,NA,NA,NA,NA,NA,NA,NA,NA,NA,NA
AAGL2021_003,5,3,5,Tzur,Yossi,Israel,NA,male,1,Israel,academic,general_OBGYN,NA
AAGL2021_004,1,18,1,Demi,Libertario,Italy,NA,male,0.95,Italy,academic,NA,NA
AAGL2021_005,3,4,3,Guraslan,Hakan,Turkey,NA,male,1,Turkey,academic,general_OBGYN,NA
AAGL2021_006,5,1,5,Azevedo,Brandon,USA,CT,male,0.9941,I,NA,NA,NA
AAGL2021_007,3,6,3,Lee,Elisabeth,USA,MD,female,0.9993,IV,military_va,NA,NA
AAGL2021_008,3,1,3,Ambacher,Kristin,Canada,NA,female,0.9915,Canada,academic,general_OBGYN,NA
AAGL2021_009,5,1,5,Mathur,Shashi,India,NA,male,1,India,academic,NA,NA
AAGL2021_010,2,1,2,Shinji,Seiichi,Japan,NA,male,0.95,Japan,academic,surgery_other,NA
AAGL2021_011,5,5,5,Andou,Miya,Japan,NA,female,1,Japan,academic,NA,NA
AAGL2021_012,5,3,5,Bogani,Giorgio,Italy,NA,male,1,Italy,academic,general_OBGYN,NA
AAGL2021_013,5,13,5,Houri,Ohad,NA,NA,male,1,NA,academic,NA,NA
AAGL2021_014,3,3,3,Horton,Tammy,United Kingdom,NA,female,0.996,United Kingdom,NA,NA,NA
AAGL2021_015,4,4,4,Cheng,Connie,USA,NJ,female,0.9816,III,academic,general_OBGYN,NA
AAGL2021_016,2,1,2,St Laurent,Jessica D,USA,MA,female,0.9968,I,academic,GYN_ONC,NA
AAGL2021_017,2,9,2,Lim,Pascal,France,NA,male,0.9961,France,academic,NA,NA
AAGL2021_018,2,9,2,Lim,Pascal,France,NA,male,0.9961,France,academic,NA,NA
AAGL2021_019,3,9,3,Lim,Pascal,France,NA,male,0.9961,France,academic,NA,NA
AAGL2021_020,5,2,5,Vieira,Margarida,Portugal,NA,female,1,Portugal,academic,NA,NA
AAGL2021_021,5,2,5,Barison,Gustavo Anderman Silva,Brazil,NA,male,0.9967,Brazil,academic,general_OBGYN,NA
AAGL2021_022,5,2,5,Vieira,Margarida,Portugal,NA,female,1,Portugal,academic,NA,NA
AAGL2021_023,5,5,5,Warring,Simrit,USA,MN,female,1,VI,academic,GYN_ONC,NA
AAGL2021_024,4,1,4,Sciarrotta,Danika R,USA,CA,female,1,IX,academic,NA,NA
AAGL2021_025,5,3,5,Bar-El,Liron,USA,NY,male,0.6065,II,academic,general_OBGYN,NA
AAGL2021_026,3,3,3,Cosgriff,Lauren,USA,NY,female,0.9904,II,academic,general_OBGYN,NA
AAGL2021_027,4,3,4,Rao,Tanushree,Australia,NA,female,0.95,Australia,academic,MIGS,NA
AAGL2021_028,2,3,2,Hardman,Danielle,USA,FL,female,0.9951,XI,academic,general_OBGYN,NA
AAGL2021_029,4,2,4,Beroukhim,Gabriela,USA,CT,female,0.9951,I,academic,general_OBGYN,NA
AAGL2021_030,5,7,5,As-Sanie,Sawsan,USA,MI,female,1,V,academic,general_OBGYN,NA
AAGL2021_031,5,2,5,Becker,Christine,Germany,NA,female,0.9967,Germany,academic,NA,NA
AAGL2021_032,5,2,5,Sheladiya,Pooja,USA,CA,female,1,IX,academic,MIGS,NA
AAGL2021_033,5,2,5,Moore,Kenya,USA,SC,female,0.9192,XI,academic,NA,NA
AAGL2021_034,1,1,1,Shimada,Kazuyuki,Japan,NA,male,0.95,Japan,academic,NA,NA
AAGL2021_035,5,2,5,Simko,Sarah,USA,CA,female,0.9971,IX,academic,general_OBGYN,NA
AAGL2021_036,2,2,2,Roy,Kelly,USA,AZ,female,0.8632,VIII,NA,general_OBGYN,NA
AAGL2021_037,5,2,5,Weyers,Simone,Germany,NA,female,0.9823,Germany,academic,NA,NA
AAGL2021_038,2,3,2,Chan,Clarice,United Kingdom,NA,female,0.9976,United Kingdom,academic,NA,NA
AAGL2021_039,3,2,3,Romanski,Phillip A,USA,NY,male,0.9954,II,academic,NA,NA
AAGL2021_040,5,0,5,Di Spiezio Sardo,A,NA,NA,NA,NA,NA,NA,NA,NA
AAGL2021_041,2,2,2,Hincapie,Maria,USA,GA,female,0.9927,XI,NA,MIGS,NA
AAGL2021_042,5,3,5,Di Spiezio Sardo,Attilio,NA,NA,male,1,NA,NA,NA,NA
AAGL2021_043,4,2,4,Han,Ling,China,NA,female,0.9091,China,academic,general_OBGYN,NA
AAGL2021_044,1,1,1,Dave,Abhishek,India,NA,male,1,India,NA,surgery_other,NA
AAGL2021_045,5,2,5,Park,So Yun,South Korea,NA,female,1,South Korea,academic,general_OBGYN,NA
AAGL2021_046,3,2,3,Heraganahally,Subash S,Australia,NA,male,0.95,Australia,academic,NA,NA
AAGL2021_047,5,2,5,Braxton,Elizabeth Gw,NA,NA,female,0.9969,NA,academic,general_OBGYN,NA
AAGL2021_048,5,3,5,Cope,Adrea,USA,PA,female,1,III,academic,NA,NA
AAGL2021_049,5,NA,5,NA,NA,NA,NA,NA,NA,NA,NA,NA,NA
AAGL2021_050,4,4,4,Yin,Yiyang,China,NA,male,0.95,China,academic,NA,NA
AAGL2021_051,4,2,4,Kanno,Kiyoshi,Japan,NA,male,0.9732,Japan,academic,general_OBGYN,NA
AAGL2021_052,4,2,4,Braxton,Emily,NA,NA,female,0.9979,NA,academic,NA,NA
AAGL2021_053,5,3,5,Silva,Beatriz,Portugal,NA,female,0.9968,Portugal,academic,NA,NA
AAGL2021_054,4,5,4,Mohamed,Adham,USA,KS,male,1,VII,community,NA,NA
AAGL2021_055,5,2,5,Benlolo,Samantha,Canada,NA,female,0.998,Canada,academic,NA,NA
AAGL2021_056,2,1,2,Abouzeid,Bassel,USA,IL,male,1,VII,academic,general_OBGYN,NA
AAGL2021_057,4,1,4,Aharon,Devora,USA,NY,female,1,II,academic,general_OBGYN,NA
AAGL2021_058,4,2,4,Lovell,Daniel Y,USA,NC,male,0.9954,XI,academic,general_OBGYN,NA
AAGL2021_059,5,3,5,Lewis,Gregory,USA,FL,male,0.9957,XI,academic,general_OBGYN,NA
AAGL2021_060,3,2,3,Ramirez-Caban,Laura,USA,OH,female,0.9969,V,academic,general_OBGYN,NA
AAGL2021_061,4,2,4,Sunkara,Sowmya,USA,TX,female,1,X,academic,MIGS,NA
AAGL2021_062,3,2,3,Aggarwal,Riya,USA,MI,female,1,V,academic,NA,NA
AAGL2021_063,4,3,4,Tang,Xiaobo,China,NA,male,0.95,China,academic,surgery_other,NA
AAGL2021_064,2,4,2,Ham,In-Hye,South Korea,NA,female,0.95,South Korea,academic,surgery_other,NA
AAGL2021_065,5,1,5,Shu,Michael,NA,NA,male,0.9947,NA,academic,MIGS,NA
AAGL2021_066,3,1,3,Denny,Keith,NA,NA,male,0.9948,NA,NA,NA,faculty_senior
AAGL2021_067,5,1,5,Kho,Katherine,Indonesia,NA,female,0.9972,Indonesia,academic,NA,NA
AAGL2021_068,5,2,5,Blundell,Jian D,United Kingdom,NA,male,0.9808,United Kingdom,academic,NA,NA
AAGL2021_069,5,1,5,Schneyer,Rebecca,USA,CA,female,0.9973,IX,academic,general_OBGYN,NA
AAGL2021_070,4,3,4,Chitkara,Aman,India,NA,male,0.9147,India,academic,NA,NA
AAGL2021_071,3,NA,3,NA,NA,NA,NA,NA,NA,NA,NA,NA,NA
AAGL2021_072,4,7,4,Ito,Tetsuro,Japan,NA,male,0.95,Japan,academic,NA,NA
AAGL2021_073,3,1,3,Khalife,Tarek,USA,MN,male,1,VI,academic,NA,NA
AAGL2021_074,3,4,3,Dawood,Ayman Shehata,Egypt,NA,male,0.9818,Egypt,academic,general_OBGYN,NA
AAGL2021_075,5,5,5,Adamyan,Leila,NA,NA,female,0.9998,NA,academic,surgery_other,NA
AAGL2021_076,3,1,3,Chen,Ang,USA,NC,male,1,XI,academic,NA,NA
AAGL2021_077,5,2,5,Young,Robert,USA,OH,male,0.9958,V,academic,NA,NA
AAGL2021_078,3,1,3,Carey,Eileen,Ireland,NA,female,0.9976,Ireland,academic,NA,NA
AAGL2021_079,5,3,5,Tappy,Erryn,USA,TX,female,1,X,community,NA,NA
AAGL2021_080,5,4,5,Leaf,Marie-Claire,USA,MD,female,0.95,IV,academic,MIGS,NA
AAGL2021_081,4,2,4,Das,Deepanjana,USA,IL,female,0.95,VII,academic,FPMRS,NA
AAGL2021_082,5,4,5,Jago,Colin,United Kingdom,NA,male,0.996,United Kingdom,academic,NA,NA
AAGL2021_083,3,2,3,Salazar-Villamizar,Mary Elízabeth,Colombia,NA,female,0.9964,Colombia,NA,NA,NA
AAGL2021_084,4,2,4,Kanno,Kiyoshi,Japan,NA,male,0.9732,Japan,academic,general_OBGYN,NA
AAGL2021_085,5,3,5,Wondwosen,Mekete,NA,NA,male,0.95,NA,academic,surgery_other,NA
AAGL2021_086,2,3,2,Rao,Tanushree,Australia,NA,female,0.95,Australia,academic,MIGS,NA
AAGL2021_087,3,5,3,Cybulsky,Marta,Canada,NA,female,0.9973,Canada,academic,general_OBGYN,NA
AAGL2021_088,5,4,5,Nishio,Naoki,Japan,NA,male,0.9555,Japan,academic,NA,NA
AAGL2021_089,5,1,5,Andrews,Brooke,USA,KY,female,0.9899,V,academic,MIGS,NA
AAGL2021_090,2,7,2,Quevedo,Amira,USA,FL,female,1,XI,academic,MIGS,NA
AAGL2021_091,5,2,5,Kirubarajan,Abirami,Canada,NA,female,1,Canada,academic,NA,NA
AAGL2021_092,4,2,4,Hincapie,Maria,USA,GA,female,0.9927,XI,NA,MIGS,NA
AAGL2021_093,3,5,3,Kheil,Mira H,USA,MI,female,0.9993,V,academic,NA,NA
AAGL2021_094,3,1,3,Elfeky,Amro,USA,NY,male,1,II,academic,general_OBGYN,NA
AAGL2021_095,5,4,5,Dubernard,Gil,France,NA,male,1,France,academic,obstetrics,NA
AAGL2021_096,5,0,5,Ishiura,Yoshihisa,NA,NA,male,0.95,NA,NA,NA,NA
AAGL2021_097,3,2,3,Ahmed,Nahida Hama Ameen,NA,NA,female,1,NA,NA,NA,NA
AAGL2021_098,2,1,2,Saha,Pradip Kumar,NA,NA,NA,NA,NA,academic,general_OBGYN,NA
AAGL2022_001,5,6,5,Stewart,Elizabeth A,USA,MN,female,0.9969,VI,academic,REI,NA
AAGL2022_002,5,3,5,Katon,Jodie G,USA,CA,female,0.9174,IX,military_va,NA,NA
AAGL2022_003,5,5,5,Eisenstein,David,USA,MI,male,0.9963,V,private_practice,urology,NA
AAGL2022_004,3,3,3,Kirschen,Gregory W,USA,MD,male,0.9957,IV,academic,obstetrics,NA
AAGL2022_005,5,5,5,Sinha,Annika,USA,NC,female,1,XI,academic,general_OBGYN,NA
AAGL2022_006,4,2,4,Qayoom,Ubaid,India,NA,male,1,India,academic,NA,NA
AAGL2022_007,5,3,5,Richtárová,Adéla,Czech Republic,NA,female,0.95,Czech Republic,academic,obstetrics,NA
AAGL2022_008,2,2,2,Duncan,Jordann-Mishael,USA,MN,male,0.95,VI,academic,general_OBGYN,NA
AAGL2022_009,5,6,5,Barra,Fabio,Italy,NA,male,1,Italy,academic,general_OBGYN,NA
AAGL2022_010,1,2,1,Noar,Mark,USA,MD,male,0.9966,IV,NA,NA,NA
AAGL2022_011,5,2,5,Zorzi,Chantal,United Kingdom,NA,female,0.9992,United Kingdom,academic,NA,NA
AAGL2022_012,5,4,5,Mak,Justin,USA,CA,male,0.9947,IX,academic,NA,NA
AAGL2022_013,5,8,5,Allen,Sophie,United Kingdom,NA,female,0.9992,United Kingdom,academic,NA,NA
AAGL2022_014,2,3,2,Talbott,Jennifer,USA,MN,female,0.9969,VI,academic,NA,NA
AAGL2022_015,5,2,5,Allaire,Catherine,USA,MO,female,0.9973,VII,academic,general_OBGYN,NA
AAGL2022_016,5,3,5,Smith,Rachael B,USA,AZ,female,0.9978,VIII,academic,MIGS,NA
AAGL2022_017,5,4,5,Cameo,Tamara,NA,NA,female,0.997,NA,NA,general_OBGYN,NA
AAGL2022_018,3,2,3,Cain,Abigail,USA,TX,female,0.9982,X,academic,NA,NA
AAGL2022_019,5,4,5,Park,Jiheum,USA,NY,male,0.95,II,academic,NA,NA
AAGL2022_020,5,2,5,Jaime Moens,Babette,Belgium,NA,female,0.9983,Belgium,academic,general_OBGYN,NA
AAGL2022_021,5,3,5,Min,Caroline J,USA,WA,female,0.9985,VIII,academic,general_OBGYN,NA
AAGL2022_022,5,3,5,Katon,Jodie G,USA,CA,female,0.9174,IX,military_va,NA,NA
AAGL2022_023,3,3,3,Till,Sara R,USA,MI,female,0.9971,V,academic,general_OBGYN,NA
AAGL2022_024,3,2,3,Charles,François,Belgium,NA,male,0.95,Belgium,academic,NA,NA
AAGL2022_025,5,7,5,Cohen,Nave,Israel,NA,female,1,Israel,academic,NA,NA
AAGL2022_026,3,3,3,Hui,Mason,USA,TX,male,0.9866,X,academic,MIGS,NA
AAGL2022_027,4,3,4,Cook,Elizabeth,USA,TN,female,0.9969,X,academic,MIGS,NA
AAGL2022_028,4,3,4,Greenberg,Anya L,USA,CA,female,1,IX,academic,surgery_other,NA
AAGL2022_029,1,3,1,Ramani,Sangeeta,NA,NA,female,1,NA,academic,general_OBGYN,NA
AAGL2022_030,3,4,3,Ward,Catherine L,South Africa,NA,female,0.9973,South Africa,academic,NA,NA
AAGL2022_031,5,2,5,Levin,Ishai,Israel,NA,male,0.95,Israel,academic,obstetrics,NA
AAGL2022_032,5,6,5,Adamyan,Leila,Russia,NA,female,0.9998,Russia,academic,MFM,NA
AAGL2022_033,5,2,5,Yastı,Ahmet Çınar,Turkey,NA,male,1,Turkey,academic,surgery_other,NA
AAGL2022_034,1,3,1,Li,Fiona G,Australia,NA,female,0.9997,Australia,academic,general_OBGYN,NA
AAGL2022_035,5,4,5,Cooke,Carly M,Canada,NA,female,0.9974,Canada,academic,general_OBGYN,NA
AAGL2022_036,5,4,5,Musselman,Kelsey,USA,MD,female,0.9684,IV,academic,obstetrics,NA
AAGL2022_037,5,1,5,Tran,Tam,USA,NY,male,0.5089,II,academic,NA,NA
AAGL2022_038,3,2,3,Ettore,Giuseppe,Italy,NA,male,1,Italy,NA,general_OBGYN,NA
AAGL2022_039,5,5,5,Rosen,Adam,Canada,NA,male,0.9959,Canada,academic,general_OBGYN,NA
AAGL2022_040,4,6,4,Adamyan,Leila,Russia,NA,female,0.9998,Russia,academic,MFM,NA
AAGL2022_041,5,2,5,McKenna,Megan,United Kingdom,NA,female,0.9976,United Kingdom,academic,NA,NA
AAGL2022_042,4,1,4,Montauban,Pierre,United Kingdom,NA,male,0.995,United Kingdom,academic,surgery_other,NA
AAGL2022_043,4,3,4,Boyd,Sarah S,USA,PA,female,0.9971,III,academic,FPMRS,NA
AAGL2022_044,3,5,3,Malekzadeh,Maral,USA,DC,female,1,IV,academic,general_OBGYN,NA
AAGL2022_045,5,2,5,Das,Drupad,India,NA,male,0.95,India,academic,NA,NA
AAGL2022_046,1,1,1,Saini,Sunil,India,NA,male,1,India,academic,surgery_other,NA
AAGL2022_047,5,7,5,Bogani,Giorgio,Italy,NA,male,1,Italy,academic,general_OBGYN,NA
AAGL2022_048,1,4,1,Jiang,Ligang,China,NA,male,0.95,China,academic,NA,NA
AAGL2022_049,5,3,5,Hung,Kuo-Chuan,Taiwan,NA,NA,NA,Taiwan,academic,NA,NA
AAGL2022_050,5,1,5,Dai,Zhen,China,NA,male,1,China,academic,NA,NA
AAGL2022_051,4,4,4,Taiym,Deanna,USA,IL,female,0.9981,VII,academic,GYN_ONC,NA
AAGL2022_052,5,1,5,Chen,Junrui,China,NA,male,0.95,China,academic,NA,NA
AAGL2022_053,5,17,5,Bogani,Giorgio,Italy,NA,male,1,Italy,academic,general_OBGYN,NA
AAGL2022_054,5,3,5,Shivji,Azra,NA,NA,female,0.98,NA,academic,general_OBGYN,NA
AAGL2022_055,4,0,4,Gencer,Aylin,NA,NA,female,0.9993,NA,NA,NA,NA
AAGL2022_056,5,4,5,Horwood,Genevieve,Canada,NA,female,0.9992,Canada,academic,general_OBGYN,NA
AAGL2022_057,1,2,1,Marguerie,Monique,NA,NA,female,0.9954,NA,academic,MIGS,NA
AAGL2022_058,5,2,5,Sancar,Serpil,Turkey,NA,female,0.95,Turkey,academic,surgery_other,NA
AAGL2022_059,5,2,5,Borghate,Pragya,India,NA,female,1,India,academic,surgery_other,NA
AAGL2022_060,3,3,3,Thompson,Abaigeal,USA,TX,female,1,X,community,general_OBGYN,NA
AAGL2022_061,4,2,4,Stoumpos,Angelos I,NA,NA,male,1,NA,academic,NA,NA
AAGL2022_062,5,5,5,Fajardo,Olga M,USA,WI,female,0.9958,VI,academic,MIGS,NA
AAGL2022_063,4,3,4,Ruhotina,Merima,USA,VT,female,1,I,academic,general_OBGYN,NA
AAGL2022_064,5,3,5,Shu,Ming,China,NA,male,0.6744,China,academic,NA,NA
AAGL2022_065,2,1,2,Seltzer,Harrison,USA,MI,male,0.9961,V,academic,NA,student
AAGL2022_066,5,NA,5,NA,NA,NA,NA,NA,NA,NA,NA,NA,NA
AAGL2022_067,3,NA,3,NA,NA,NA,NA,NA,NA,NA,NA,NA,NA
AAGL2022_068,5,2,5,Rees,Colin,United Kingdom,NA,male,0.996,United Kingdom,academic,NA,NA
AAGL2022_069,5,4,5,Lu,Keji,China,NA,male,0.95,China,academic,general_OBGYN,NA
AAGL2022_070,3,5,3,Arruda,Jonas,Germany,NA,male,0.9984,Germany,academic,NA,NA
AAGL2022_071,2,2,2,Chan,I-San,Taiwan,NA,male,0.95,Taiwan,academic,general_OBGYN,NA
AAGL2022_072,5,3,5,Dedes,Ioannis,Switzerland,NA,male,1,Switzerland,academic,general_OBGYN,NA
AAGL2022_073,5,2,5,Yastı,Ahmet Çınar,Turkey,NA,male,1,Turkey,academic,surgery_other,NA
AAGL2022_074,5,2,5,Rees,Colin,United Kingdom,NA,male,0.996,United Kingdom,academic,NA,NA
AAGL2022_075,5,7,5,Min,Naomi,Netherlands,NA,female,0.9983,Netherlands,academic,general_OBGYN,NA
AAGL2022_076,5,4,5,Bruno,Matteo,Italy,NA,male,1,Italy,academic,general_OBGYN,NA
AAGL2022_077,5,1,5,Mára,Michal,Czech Republic,NA,female,0.5163,Czech Republic,academic,MIGS,NA
AAGL2022_078,2,3,2,Bar-El,Liron,USA,NY,male,0.6065,II,academic,MFM,NA
AAGL2022_079,5,2,5,Frost,Allison,USA,NC,female,0.9914,XI,academic,NA,NA
AAGL2022_080,4,5,4,Cao,Xianghua,China,NA,female,0.95,China,academic,NA,NA
AAGL2022_081,5,4,5,Barel,Oshri,Israel,NA,male,0.95,Israel,academic,general_OBGYN,NA
AAGL2022_082,5,4,5,Zizolfi,Brunella,Italy,NA,female,1,Italy,academic,NA,NA
AAGL2022_083,5,1,5,Bruni,Francesco,Italy,NA,male,1,Italy,academic,NA,NA
AAGL2022_084,4,4,4,Bahrami,Foruzan,NA,NA,female,0.95,NA,research_institute,NA,NA
AAGL2022_085,2,3,2,Jiang,Jacqueline,Australia,NA,female,0.9968,Australia,academic,NA,NA
AAGL2022_086,5,8,5,Lou,Kai,China,NA,male,0.827,China,academic,NA,NA
AAGL2022_087,5,4,5,Miazga,Elizabeth,NA,NA,female,0.9969,NA,academic,general_OBGYN,NA
AAGL2022_088,4,4,4,Shiplo,Samantha N,Canada,NA,female,0.998,Canada,academic,general_OBGYN,NA
AAGL2022_089,5,1,5,Guo,Cuishan,China,NA,female,0.95,China,academic,general_OBGYN,NA
AAGL2022_090,5,3,5,Pondugula,Nishita,USA,CT,female,1,I,academic,NA,NA
AAGL2023_001,5,4,5,Takenaka,Shin,Japan,NA,male,0.8535,Japan,academic,general_OBGYN,NA
AAGL2023_002,5,2,5,Tan,Wei Zhi Nicholas,Singapore,NA,male,0.7691,Singapore,academic,NA,NA
AAGL2023_003,5,3,5,Levin,Ishai,Israel,NA,male,0.95,Israel,academic,obstetrics,NA
AAGL2023_004,5,2,5,Zhou,Guanlin,China,NA,male,0.95,China,academic,NA,NA
AAGL2023_005,5,1,5,Chang,Panfeng,China,NA,male,0.95,China,NA,NA,NA
AAGL2023_006,2,2,2,Pfeuti,Courtney Kay,USA,NJ,female,0.9273,III,academic,general_OBGYN,NA
AAGL2023_007,5,3,5,González Peña,Tavia,USA,TN,female,1,X,academic,general_OBGYN,NA
AAGL2023_008,3,1,3,Johannesson,Ulrika,Sweden,NA,female,1,Sweden,academic,NA,NA
AAGL2023_009,5,4,5,Al-Hendy,Ayman,USA,IL,male,0.9818,VII,academic,general_OBGYN,NA
AAGL2023_010,5,5,5,Ashraf,Syed Faaz,USA,PA,male,0.9972,III,academic,surgery_other,NA
AAGL2023_011,5,1,5,Mitro,Susanna D,USA,MA,female,1,I,academic,general_OBGYN,NA
AAGL2023_012,2,3,2,Petit,Nicolas,France,NA,male,0.9975,France,academic,NA,NA
AAGL2023_013,5,5,5,Slotman,Derk J,Netherlands,NA,male,1,Netherlands,academic,NA,NA
AAGL2023_014,3,2,3,Sasse,Simone A,USA,NY,female,0.9823,II,academic,general_OBGYN,NA
AAGL2023_015,5,8,5,Kajal,D,Canada,NA,NA,NA,Canada,academic,NA,NA
AAGL2023_016,5,9,5,Istrate-Ofiţeru,Anca-Maria,Romania,NA,female,0.95,Romania,academic,NA,NA
AAGL2023_017,5,2,5,Urbina,Pía,Chile,NA,female,0.95,Chile,NA,NA,NA
AAGL2023_018,5,1,5,Zaritsky,Eve F,USA,CA,female,1,IX,academic,general_OBGYN,NA
AAGL2023_019,5,3,5,McClenahan,Phil,Australia,NA,male,0.9977,Australia,NA,NA,NA
AAGL2023_020,5,3,5,Scipioni,Anna M,USA,FL,female,0.9971,XI,academic,general_OBGYN,NA
AAGL2023_021,5,3,5,Thiel,Peter,USA,NY,male,0.9965,II,academic,general_OBGYN,NA
AAGL2023_022,5,3,5,Ahmad,G,USA,MI,NA,NA,V,academic,NA,NA
AAGL2023_023,5,7,5,As-Sanie,Sawsan,USA,MI,female,1,V,academic,general_OBGYN,NA
AAGL2023_024,2,4,2,Lunardhi,Alicia,USA,CA,female,0.997,IX,academic,general_OBGYN,NA
AAGL2023_025,1,1,1,Fisher,Jane,United Kingdom,NA,female,0.9971,United Kingdom,academic,NA,NA
AAGL2023_026,5,1,5,Zhou,Ruiqiong,China,NA,female,0.95,China,academic,NA,NA
AAGL2023_027,5,4,5,Barel,Oshri,Israel,NA,male,0.95,Israel,academic,general_OBGYN,NA
AAGL2023_028,5,3,5,Twidale,Emily K,New Zealand,NA,female,0.9979,New Zealand,academic,NA,NA
AAGL2023_029,4,4,4,Zelivianskaia,Anna,USA,PA,female,0.9971,III,academic,general_OBGYN,NA
AAGL2023_030,5,3,5,Fenske,Brooke M,USA,MN,female,0.9899,VI,academic,general_OBGYN,NA
AAGL2023_031,5,2,5,Jian,Minyu,China,NA,female,0.95,China,academic,NA,NA
AAGL2023_032,5,1,5,Hollis,Aidan,Canada,NA,male,0.9734,Canada,academic,NA,NA
AAGL2023_033,4,6,4,Ezeh,Uche,USA,AL,male,1,XI,academic,REI,NA
AAGL2023_034,5,1,5,Ayodele,Aderonke,USA,NC,female,1,XI,academic,NA,NA
AAGL2023_035,5,2,5,Akdam,Amir,Israel,NA,male,0.9829,Israel,academic,general_OBGYN,NA
AAGL2023_036,5,3,5,Malkan,Nur Derya,NA,NA,female,0.7905,NA,community,general_OBGYN,NA
AAGL2023_037,5,6,5,Abu Halimah,Jalal,NA,NA,male,1,NA,academic,surgery_other,NA
AAGL2023_038,4,1,4,Muir,Teale M,USA,PA,female,1,III,military_va,MIGS,NA
AAGL2023_039,5,2,5,Rees,Colin,United Kingdom,NA,male,0.996,United Kingdom,academic,NA,NA
AAGL2023_040,5,1,5,Mansour,Tara,USA,MA,female,0.997,I,academic,NA,NA
AAGL2023_041,4,2,4,GiglioAyers,Patricia,USA,RI,female,0.997,I,community,general_OBGYN,NA
AAGL2023_042,5,NA,5,NA,NA,NA,NA,NA,NA,NA,NA,NA,NA
AAGL2023_043,5,2,5,Yang,Qiannan,USA,TX,female,0.95,X,academic,general_OBGYN,NA
AAGL2023_044,5,3,5,Mellquist,Madison,USA,NA,female,0.9835,NA,academic,NA,NA
AAGL2023_045,5,2,5,Rees,Colin,United Kingdom,NA,male,0.996,United Kingdom,academic,NA,NA
AAGL2023_046,5,4,5,Matot,Ran,Israel,NA,male,1,Israel,academic,general_OBGYN,NA
AAGL2023_047,1,1,1,Khan,Zaynah,NA,NA,female,1,NA,NA,NA,NA
AAGL2023_048,5,2,5,Wu,Jenny,USA,NC,female,0.9937,XI,academic,obstetrics,NA
AAGL2023_049,4,2,4,Isaac,Amital,USA,MA,male,0.95,I,academic,general_OBGYN,NA
AAGL2023_050,4,0,4,An,Eunmi,NA,NA,female,0.95,NA,NA,NA,NA
AAGL2023_051,5,5,5,Xiao,Lekui,USA,MN,male,0.95,VI,academic,NA,NA
AAGL2023_052,5,8,5,Chervenak,Frank A,USA,NY,male,0.9952,II,academic,general_OBGYN,NA
AAGL2023_053,5,1,5,Sarofim,Mina,NA,NA,female,0.9515,NA,NA,NA,NA
AAGL2023_054,5,3,5,Wong,Janus,USA,NY,female,0.8379,II,academic,NA,NA
AAGL2023_055,5,2,5,Marwah,Vikas,India,NA,male,1,India,NA,NA,NA
AAGL2023_056,4,4,4,Sadowski,Karol,Poland,NA,female,0.8965,Poland,academic,NA,NA
AAGL2023_057,5,9,5,Chen,Innie,Canada,NA,female,0.89,Canada,academic,general_OBGYN,NA
AAGL2023_058,5,5,5,Swift,Brenna E,NA,NA,female,1,NA,academic,GYN_ONC,NA
AAGL2023_059,5,1,5,Gabra,Martina,USA,AZ,female,0.9974,VIII,academic,general_OBGYN,NA
AAGL2023_060,3,2,3,Edelson,Mia,USA,VA,female,0.9987,IV,military_va,NA,NA
