term,estimate,std.error,statistic,p.value,conf.low,conf.high
(Intercept),0.06,0.349,-8.049,0,0.03,0.117
is_rctTRUE,2.483,0.285,3.19,0.001,1.4,4.303
log_sample_size,0.983,0.042,-0.397,0.692,0.904,1.066
is_academicTRUE,0.931,0.262,-0.272,0.786,0.548,1.535
is_us_basedTRUE,1.27,0.199,1.201,0.23,0.861,1.881
n_authors,1.322,0.076,3.693,0,1.144,1.539
gender_unifiedmale,0.786,0.174,-1.382,0.167,0.557,1.104
is_multicenterTRUE,2.226,0.386,2.075,0.038,1.01,4.644
has_fundingTRUE,2.484,1.258,0.723,0.469,0.111,27.706
