congress_year,captured,n_oral,n_video,frame,evaluated,published,rate,supplement_items,coverage_pct
2012,95,95,0,Front-truncated,94,13,13.829787234042554,663,14.3
2013,96,96,0,Front-truncated,90,8,8.88888888888889,698,13.8
2014,93,93,0,Front-truncated,90,10,11.11111111111111,762,12.2
2015,95,95,0,Front-truncated,92,16,17.391304347826086,852,11.2
2016,96,96,0,Front-truncated,92,11,11.956521739130435,793,12.1
2017,97,97,0,Front-truncated,90,5,5.555555555555555,614,15.8
2018,95,95,0,Front-truncated,95,24,25.263157894736842,745,12.8
2019,96,96,0,Front-truncated,87,12,13.793103448275861,744,12.9
2020,95,95,0,Front-truncated,85,14,16.470588235294116,453,21
2021,98,98,0,Front-truncated,86,11,12.790697674418606,498,19.7
2022,100,90,10,Census of orals,90,28,31.11111111111111,497,20.1
2023,98,60,38,Census of orals,60,18,30,392,25
